Num_Acc;an;mois;jour;hrmn;lum;agg;int;atm;col;com;adr;gps;lat;long;dep
201100008804;11;8;6;1030;1;1;1;1.0;3.0;166;;M;0.0;0.0;430
201100008862;11;4;2;1815;1;2;1;1.0;6.0;262;face au 17,  rue de THIZ;;;;30
201100008877;11;10;8;45;5;2;2;1.0;3.0;185;REPUBLIQUE ( AV. DE LA );;;;30
201100008886;11;5;26;950;1;2;4;2.0;3.0;190;1, BERCY (COURS DE);;;;30
201100008902;11;5;8;1200;1;1;6;1.0;6.0;443;;M;0.0;0.0;570
201100008913;11;4;25;1315;1;2;1;1.0;3.0;708;RD913 - RD67;M;0.0;0.0;570
201100008915;11;5;28;1645;1;1;1;1.0;1.0;162;;M;0.0;0.0;570
201100008919;11;8;22;1745;1;1;1;1.0;2.0;218;GN 49.047 6.19;M;0.0;0.0;570
201100008946;11;5;25;1600;1;2;1;1.0;3.0;160;RD 23;M;0.0;0.0;570
201100008997;11;8;24;1000;1;2;3;1.0;3.0;180;RD95/ rue de la fontaine;M;0.0;0.0;570
201100009037;11;10;1;1500;1;1;3;1.0;3.0;345;;M;0.0;0.0;570
201100009047;11;6;24;1530;1;1;3;1.0;3.0;361;;M;0.0;0.0;570
201100009052;11;4;10;1915;1;1;1;1.0;1.0;582;;M;0.0;0.0;570
201100009054;11;9;28;2015;3;1;1;1.0;1.0;582;;M;0.0;0.0;570
201100009067;11;9;15;1400;1;2;1;1.0;2.0;468;12 rue de ferri?res;M;4855000.0;630000.0;540
201100009073;11;1;8;1045;1;2;6;1.0;2.0;150;;M;4878825.0;614405.0;540
201100009102;11;5;25;1930;1;2;1;1.0;5.0;364;Grande rue/rue de Nancy;M;4859539.0;615276.0;540
201100009107;11;6;26;1800;1;1;1;1.0;1.0;505;;M;4862900.0;604500.0;540
201100009122;11;6;14;1900;1;2;1;1.0;2.0;415;Rue Anatole France;M;4898755.0;602299.0;540
201100009131;11;2;28;1445;1;2;1;1.0;3.0;1;63, THIERS (AVENUE DE);;;;30
201100009139;11;4;8;2230;5;2;1;1.0;2.0;310;RAVY BRETON (RUE);;;;30
201100009149;11;5;20;1650;1;1;1;1.0;3.0;95;BICENTENAIRE (BOULEVARD;;;;30
201100009168;11;8;25;1530;1;2;6;1.0;3.0;23;BOUSSANGES (ROND POINT D;;;;30
201100009273;11;4;16;1545;1;2;1;1.0;3.0;504;Chemin de Vaux;M;4872900.0;522700.0;550
201100009297;11;11;16;1900;3;1;1;5.0;2.0;247;;M;0.0;0.0;550
201100009302;11;5;3;1615;1;2;3;1.0;3.0;582;rue du Grand Paquis;M;4945636.0;517607.0;550
201100009309;11;7;13;1745;1;1;1;1.0;3.0;193;;M;4927470.0;528077.0;550
201100009315;11;6;8;1430;1;2;1;1.0;3.0;73;3 av Raymond Poincaré;M;4920863.0;537652.0;550
201100009362;11;6;3;1130;1;1;1;1.0;2.0;166;;M;4834493.0;629997.0;880
201100009366;11;9;24;1845;1;2;1;1.0;1.0;286;Rue du mont;M;4840302.0;615545.0;880
201100009372;11;2;17;1715;1;1;1;1.0;1.0;381;;M;4812250.0;602611.0;880
201100009378;11;6;11;1430;1;1;1;1.0;7.0;258;;M;4805958.0;575429.0;880
201100009389;11;3;12;1100;1;2;1;1.0;2.0;99;Rue des Marronniers;M;4823883.0;643497.0;880
201100009412;11;10;15;1700;1;2;1;1.0;3.0;83;Route de Villars;M;4831236.0;572176.0;880
201100009425;11;12;20;715;5;2;1;4.0;2.0;304;594 Av Tassigny;M;4829042.0;612875.0;880
201100009427;11;1;22;826;1;2;1;1.0;3.0;516;310 Rue de la samaritain;M;4819556.0;594723.0;880
201100009430;11;6;16;1120;1;2;2;1.0;3.0;516;Carr. Clémenceau/Poincar;M;4819846.0;593986.0;880
201100009434;11;3;22;1530;1;2;1;1.0;2.0;358;915 route d'Arches;M;4811218.0;655203.0;880
201100009443;11;3;23;1000;1;2;1;1.0;1.0;486;RUE RENE DEMANGEON;M;4801800.0;671600.0;880
201100009488;11;5;7;1130;1;1;1;1.0;2.0;196;;M;4807351.0;683226.0;880
201100009495;11;4;5;1930;1;2;1;1.0;3.0;372;RUE DE LA CHIPOTTE;M;4840068.0;683528.0;880
201100009516;11;6;23;915;1;2;1;1.0;3.0;130;rue de la Dordogne;M;0.0;0.0;670
201100009520;11;9;23;1345;1;1;3;1.0;3.0;266;;M;0.0;0.0;670
201100009534;11;2;12;1615;1;1;6;1.0;3.0;458;;M;0.0;0.0;670
201100009564;11;9;20;1715;1;2;1;1.0;3.0;448;141 Grand-rue;M;4848300.0;722000.0;670
201100009572;11;6;10;1945;2;2;1;8.0;1.0;139;Rue des vergers;M;4857500.0;742900.0;670
201100009580;11;5;25;1315;1;2;1;1.0;3.0;289;21 rue principale;M;4886600.0;749100.0;670
201100009613;11;5;18;1530;1;2;1;1.0;1.0;381;08 RUE DES BERGERS;M;4891800.0;731700.0;670
201100009629;11;11;10;815;1;2;1;8.0;3.0;67;12 rue du gal De Gaulle;M;4873700.0;771000.0;670
201100009630;11;11;15;1715;5;1;6;1.0;3.0;33;;M;0.0;0.0;670
201100009656;11;8;31;1700;1;2;1;1.0;3.0;495;RUE DE LA GARE;M;4866500.0;760600.0;670
201100009677;11;2;8;730;2;2;1;1.0;7.0;182;RUE DES CHATEAUX RD 93;M;0.0;0.0;670
201100009683;11;10;4;1730;1;2;1;1.0;1.0;118;Route de Wasselonne;M;0.0;0.0;670
201100009708;11;10;28;1530;1;1;1;1.0;1.0;281;;M;4812900.0;757000.0;670
201100009711;11;3;14;1345;1;2;1;1.0;5.0;544;;M;0.0;0.0;670
201100009721;11;11;17;1730;3;1;1;1.0;2.0;541;;M;4893300.0;810399.0;670
201100009722;11;3;15;1215;1;1;1;1.0;3.0;184;;M;0.0;0.0;670
201100009724;11;5;9;1500;1;2;1;7.0;1.0;339;RUE DE L HERBE;M;0.0;0.0;670
201100009733;11;10;14;1130;1;1;1;1.0;2.0;339;;M;4889900.0;793800.0;670
201100009747;11;3;4;1645;1;2;6;1.0;3.0;7;rond point Grand rue;M;4806091.0;742143.0;680
201100009752;11;8;13;1230;1;1;1;1.0;3.0;331;;M;4805105.0;740109.0;680
201100009766;11;6;3;1342;1;1;1;1.0;2.0;311;;M;4798894.0;706916.0;680
201100009769;11;6;30;1615;1;2;1;1.0;7.0;117;rue de munster;M;4804555.0;716752.0;680
201100009771;11;7;14;1915;1;2;3;1.0;3.0;317;50, route de la schlucht;M;4807296.0;710061.0;680
201100009781;11;3;7;1130;1;2;1;1.0;3.0;36;rue du muguet;M;4804416.0;754682.0;680
201100009785;11;5;23;1145;1;1;1;1.0;2.0;352;;M;4801125.0;753417.0;680
201100009789;11;9;27;1545;1;2;1;1.0;3.0;352;CD468 PK46;M;4802539.0;753349.0;680
201100009815;11;10;18;1900;3;1;1;1.0;2.0;134;;M;4802671.0;731775.0;680
201100009816;11;10;21;745;1;2;3;8.0;3.0;374;rue Feldkirch / CD 417;M;4806916.0;730066.0;680
201100009845;11;7;29;1830;1;2;6;1.0;3.0;87;rue de ferrette;M;4753586.0;726520.0;680
201100009850;11;3;15;1000;1;1;3;1.0;3.0;82;;M;4786198.0;737170.0;680
201100009867;11;8;17;1945;1;2;2;1.0;3.0;154;rue de Baldersheim;M;4778407.0;735086.0;680
201100009873;11;12;3;1045;1;2;3;8.0;1.0;384;rue du Cimeti?re;M;4769570.0;729791.0;680
201100009900;11;7;12;1215;1;2;1;1.0;3.0;63;;M;4779443.0;717194.0;680
201100009901;11;8;5;1715;1;1;1;8.0;3.0;63;;M;4778731.0;718214.0;680
201100009941;11;5;17;1745;1;1;1;1.0;2.0;627;D37;M;0.0;0.0;510
201100009987;11;6;1;800;1;2;1;1.0;3.0;279;D373;M;0.0;0.0;510
201100009995;11;9;24;1530;1;2;6;1.0;1.0;535;rond point de Paris;M;4872565.0;370549.0;510
201100010038;11;9;2;945;1;2;2;1.0;3.0;649;QU.ST GERMAIN/A. CHOISY;M;4872595.0;458028.0;510
201100010045;11;10;25;1430;1;1;1;1.0;2.0;65;N4;M;4872998.0;457171.0;510
201100010064;11;6;1;1715;1;2;3;7.0;3.0;27;Rue du Chateau d'eau/D70;M;4903607.0;469364.0;510
201100010077;11;6;1;1615;1;2;9;1.0;1.0;302;D1 - PK 18+400;M;4988150.0;473011.0;80
201100010104;11;12;2;930;1;2;1;1.0;1.0;156;20 RUE LA COURTE SOUPE;M;4989110.0;438854.0;80
201100010146;11;7;13;1400;1;2;1;1.0;1.0;403;;M;4950500.0;436300.0;80
201100010154;11;6;30;1900;1;2;1;1.0;1.0;24;PLACE GRAND COUR;M;4947040.0;411476.0;80
201100010158;11;12;2;1530;1;1;1;7.0;1.0;39;;M;4946850.0;408988.0;80
201100010178;11;1;16;1045;1;2;3;1.0;1.0;359;Route de Chamoy;M;0.0;0.0;100
201100010240;11;4;8;1845;1;1;1;7.0;1.0;187;;M;4807400.0;447700.0;100
201100010242;11;4;20;2015;1;2;3;1.0;3.0;79;GRANDE RUE;M;0.0;0.0;100
201100010274;11;9;26;1400;1;1;1;1.0;1.0;538;;M;4796754.0;520146.0;520
201100010353;11;9;21;1445;1;1;1;1.0;3.0;550;;M;4849493.0;491601.0;520
201100010370;11;8;11;1930;1;2;1;1.0;6.0;38;12 ROUTE DE LABERGEMENT;M;0.0;0.0;210
201100010374;11;2;19;1445;1;2;1;1.0;1.0;632;D968;M;4722150.0;512967.0;210
201100010375;11;3;26;1515;1;2;1;8.0;1.0;656;RUE DU MOULIN;M;4722790.0;519321.0;210
201100010377;11;4;6;1915;1;2;1;1.0;1.0;353;32 ROUTE DE DIJON;M;0.0;0.0;210
201100010410;11;4;20;1715;1;2;3;1.0;3.0;599;HENRI JEVAIN- DU RANG;M;0.0;0.0;210
201100010414;11;9;12;1345;1;2;6;1.0;2.0;317;;M;4751280.0;510892.0;210
201100010421;11;3;23;1715;1;1;1;1.0;1.0;590;;M;4706270.0;484313.0;210
201100010434;11;2;12;1315;1;1;1;1.0;6.0;441;;M;0.0;0.0;210
201100010479;11;11;2;1200;1;1;1;1.0;5.0;449;;M;4739390.0;434853.0;210
201100010485;11;4;21;1530;1;2;1;1.0;3.0;250;Rue du Champ du Puits;M;0.0;0.0;580
201100010489;11;9;23;1815;1;2;9;7.0;1.0;46;route de Decize, RD 37;M;0.0;0.0;580
201100010496;11;4;29;1230;1;2;2;1.0;3.0;134;rue moli?re;M;4693100.0;326400.0;580
201100010497;11;7;8;845;1;1;3;1.0;5.0;269;;M;0.0;0.0;580
201100010516;11;7;21;1145;1;1;1;1.0;1.0;262;;M;4706900.0;379300.0;580
201100010544;11;5;28;1715;1;1;1;1.0;6.0;193;;M;0.0;0.0;580
201100010588;11;10;10;1400;1;2;1;1.0;1.0;134;la garde;M;0.0;0.0;710
201100010593;11;2;10;1530;1;2;1;1.0;2.0;156;PLACE EDGAR PONTHUS;M;;;710
201100010648;11;1;15;1700;1;1;1;7.0;2.0;512;;M;;;710
201100010651;11;3;12;1600;1;2;2;1.0;3.0;328;LE BOURG;M;;;710
201100010672;11;11;19;1215;1;2;1;1.0;3.0;176;Avenue des Platanes;M;4648800.0;397700.0;710
201100010673;11;12;23;1645;1;2;1;1.0;3.0;176;Rue Victor Hugo;M;4649300.0;399800.0;710
201100010687;11;4;6;1815;1;2;2;1.0;6.0;342;BLD DU COLLEGE RUE REPUB;M;;;710
201100010691;11;11;3;1815;5;2;6;1.0;3.0;342;ROND POINT DE BOURGOGNE;M;0.0;0.0;710
201100010692;11;4;7;1530;1;1;1;1.0;2.0;282;;M;0.0;0.0;710
201100010776;11;8;23;815;1;2;1;1.0;5.0;479;route de bailly;M;0.0;0.0;890
201100010789;11;8;17;1715;1;2;1;2.0;1.0;439;Route de Vergigny;M;0.0;0.0;890
201100010852;11;3;3;15;3;1;1;1.0;6.0;37;;M;4798100.0;334900.0;890
201100010853;11;3;18;1845;1;2;3;1.0;3.0;206;Rue des Soeurs Lecoq;M;0.0;0.0;890
201100010903;11;6;2;1000;1;1;1;1.0;2.0;414;;M;0.0;0.0;890
201100010919;11;3;27;1115;1;1;1;1.0;2.0;142;;M;0.0;0.0;890
201100010939;11;7;25;1115;1;1;1;1.0;2.0;328;;M;4718000.0;597300.0;250
201100010945;11;10;2;1100;1;2;1;1.0;2.0;532;RUE DE LA GLACIERE;M;4722700.0;611900.0;250
201100010960;11;7;2;1500;1;2;1;1.0;7.0;527;rue Pergaud;M;4718600.0;581500.0;250
201100010992;11;8;8;1400;1;1;1;8.0;7.0;519;;M;4732700.0;681700.0;250
201100011005;11;6;15;1530;1;2;2;1.0;3.0;156;rue de Moustier;M;4739900.0;650200.0;250
201100011018;11;4;3;215;5;2;1;1.0;3.0;432;27 grande rue;M;0.0;0.0;250
201100011055;11;9;20;1730;1;2;2;1.0;3.0;320;Carrefour du coude;M;0.0;0.0;250
201100011057;11;10;6;1500;1;1;1;1.0;6.0;320;;M;0.0;0.0;250
201100011087;11;6;5;1200;1;1;1;1.0;1.0;519;;M;0.0;0.0;390
201100011100;11;3;30;1430;1;1;1;1.0;2.0;475;;M;0.0;0.0;390
201100011121;11;6;14;1100;1;2;1;1.0;6.0;13;;M;4690700.0;578100.0;390
201100011168;11;8;1;1015;1;2;1;1.0;6.0;368;RUE DE LA REPUBLIQUE;M;0.0;0.0;390
201100011188;11;4;9;1730;1;2;7;1.0;2.0;373;Place  CHAMARD;M;0.0;0.0;700
201100011265;11;7;23;1030;1;2;7;1.0;3.0;279;place Boichut;M;0.0;0.0;700
201100011295;11;11;7;1645;2;2;1;2.0;2.0;95;45 RUE PRINCIPALE;M;4755600.0;707600.0;900
201100011371;11;9;3;1300;1;1;1;1.0;5.0;60;;M;0.0;0.0;130
201100011404;11;8;18;745;1;1;1;1.0;2.0;15;;M;0.0;0.0;130
201100011410;11;3;19;1015;1;1;1;1.0;3.0;79;;M;0.0;0.0;130
201100011454;11;7;2;1130;1;1;1;1.0;1.0;97;;M;0.0;0.0;130
201100011456;11;9;1;1000;1;1;1;1.0;2.0;97;;M;0.0;0.0;130
201100011499;11;6;9;1130;1;1;1;1.0;3.0;85;;M;0.0;0.0;130
201100011529;11;7;22;1930;1;1;1;1.0;6.0;35;;M;0.0;0.0;130
201100011561;11;7;29;2030;1;2;1;1.0;3.0;84;Boulevard de la Paix;M;0.0;0.0;130
201100011576;11;5;30;830;1;1;1;1.0;1.0;35;;M;0.0;0.0;40
201100011607;11;8;12;1100;1;1;1;1.0;3.0;226;;M;0.0;0.0;40
201100011611;11;8;25;1615;1;1;1;1.0;1.0;96;;M;0.0;0.0;40
201100011621;11;7;28;1130;1;1;1;1.0;3.0;39;;M;4383700.0;648300.0;40
201100011646;11;4;9;1300;1;2;1;1.0;3.0;88;Av Thierry d'Argenlieu;M;0.0;0.0;40
201100011706;11;8;13;830;1;1;1;1.0;2.0;133;;M;4492766.0;659929.0;50
201100011726;11;3;19;1100;1;2;1;1.0;7.0;14;Avenue de la Pergola;M;4384100.0;729500.0;60
201100011729;11;8;22;815;1;2;1;1.0;1.0;43;223 Route du Col St Roch;M;4387100.0;729400.0;60
201100011799;11;11;1;830;1;2;1;1.0;3.0;44;pierre sauvaigo;M;0.0;0.0;60
201100011805;11;3;20;1015;1;2;1;1.0;1.0;79;Avenue Henry Clews;M;4352900.0;694300.0;60
201100011825;11;1;21;1700;1;1;1;1.0;1.0;157;;M;0.0;0.0;60
201100011832;11;7;24;1700;1;2;9;1.0;1.0;157;399 AVENUE HENRI GIRAUD;M;0.0;0.0;60
201100011878;11;6;25;1545;1;1;1;1.0;2.0;56;;M;0.0;0.0;60
201100011880;11;8;4;1300;1;1;1;1.0;7.0;71;;M;0.0;0.0;60
201100011918;11;3;31;2145;3;1;1;1.0;6.0;55;;M;0.0;0.0;830
201100011966;11;6;22;1345;1;1;1;1.0;1.0;23;;M;0.0;0.0;830
201100011983;11;4;6;1715;1;2;1;1.0;5.0;32;RD562 PK 10+900;M;0.0;0.0;830
201100011986;11;6;11;1000;1;1;1;1.0;2.0;32;;M;0.0;0.0;830
201100011990;11;10;26;1215;1;1;1;7.0;2.0;12;;M;0.0;0.0;830
201100011995;11;5;21;1500;1;2;1;7.0;1.0;150;Pont du 15 ao?t rd 554;M;0.0;0.0;830
201100012001;11;11;19;1000;1;2;1;1.0;2.0;146;RD 30  - PK 21.800;M;0.0;0.0;830
201100012016;11;9;5;2030;3;1;1;1.0;5.0;108;;M;0.0;0.0;830
201100012103;11;8;18;1300;1;2;6;1.0;3.0;115;Rond point de NEUEMBURG;M;0.0;0.0;830
201100012120;11;8;16;2145;5;2;9;1.0;1.0;119;AV. DU 11 NOVEMBRE 1918;M;0.0;0.0;830
201100012128;11;4;14;1545;1;1;1;1.0;2.0;35;;M;0.0;0.0;830
201100012136;11;11;16;945;1;1;1;1.0;3.0;16;;M;0.0;0.0;830
201100012181;11;4;29;1115;1;2;6;1.0;3.0;54;rond point Mend?s France;M;4393600.0;506500.0;840
201100012189;11;12;6;1845;5;2;1;1.0;1.0;54;;M;4393700.0;506600.0;840
201100012193;11;5;28;1130;1;2;1;1.0;3.0;92;Rue Gerard de nerval;M;0.0;0.0;840
201100012207;11;4;7;2245;3;2;1;1.0;2.0;129;route de bedarrides;M;4402500.0;488500.0;840
201100012230;11;6;5;2200;3;1;1;1.0;1.0;20;;M;4386600.0;527800.0;840
201100012235;11;8;14;1100;1;1;1;1.0;1.0;151;;M;0.0;0.0;840
201100012268;11;7;11;1930;1;1;1;1.0;6.0;77;;M;0.0;0.0;840
201100012271;11;8;13;1145;1;1;1;1.0;7.0;17;;M;0.0;0.0;840
201100012277;11;1;15;1345;1;1;1;1.0;5.0;142;;M;0.0;0.0;840
201100012298;11;4;3;1130;1;1;1;1.0;1.0;130;;M;0.0;0.0;840
201100012320;11;6;16;900;1;1;1;1.0;2.0;137;;M;0.0;0.0;840
201100012353;11;9;2;1215;1;2;1;1.0;1.0;57;avenue Marcel Dassault;M;4363070.0;390932.0;340
201100012364;11;11;16;1515;1;1;1;1.0;1.0;58;;M;0.0;0.0;340
201100012380;11;8;2;1515;1;2;9;1.0;3.0;344;avenue du golf;M;4357054.0;410304.0;340
201100012382;11;9;25;1800;1;2;1;1.0;1.0;344;Av de LATTRE DE TASSIGNY;M;0.0;0.0;340
201100012383;11;10;2;1315;1;2;1;1.0;1.0;344;AVENUE JEAN BENE;M;4393700.0;414200.0;340
201100012388;11;3;12;1130;1;2;1;1.0;3.0;145;Chemin des merles;M;4367747.0;412185.0;340
201100012436;11;5;11;1115;1;2;1;1.0;6.0;52;avenue de la R?publique;M;4332968.0;304186.0;340
201100012479;11;9;6;1045;1;2;3;1.0;1.0;63;avenue de neffies;M;4350853.0;336630.0;340
201100012510;11;5;13;845;1;1;1;1.0;2.0;299;;M;4327329.0;328468.0;340
201100012530;11;4;1;1430;1;1;1;1.0;5.0;175;;M;4360846.0;332264.0;340
201100012569;11;10;17;1100;1;2;1;1.0;1.0;3;;M;4332600.0;353900.0;340
201100012573;11;7;6;1730;1;1;1;1.0;1.0;23;;M;4345797.0;369794.0;340
201100012575;11;1;13;1715;1;2;1;1.0;3.0;39;Avenue Tudesq;M;0.0;0.0;340
201100012712;11;8;1;1130;1;1;1;1.0;3.0;133;;M;4355179.0;411632.0;300
201100012725;11;4;19;1830;1;2;1;1.0;1.0;23;26 AVENUE DES CEVENNES;M;4379331.0;411876.0;300
201100012733;11;8;12;1945;1;1;6;1.0;2.0;138;;M;4380996.0;424504.0;300
201100012769;11;5;22;1645;1;2;1;1.0;3.0;344;RUE D'ENTRE VIGNE;M;0.0;0.0;300
201100012814;11;12;15;1530;1;2;1;1.0;7.0;307;la favede;M;4419910.0;400947.0;300
201100012848;11;6;25;1430;1;1;1;1.0;1.0;345;;M;4427876.0;399794.0;300
201100012931;11;9;12;1300;1;2;3;1.0;1.0;12;CHEMIN SAINTE-SUZANNE;M;4389733.0;468926.0;300
201100012965;11;6;3;1215;1;1;1;1.0;3.0;26;;M;4396875.0;360184.0;300
201100013027;11;2;5;1500;1;2;1;1.0;3.0;34;place de l'Ayre;M;0.0;0.0;480
201100013079;11;5;2;930;1;1;1;1.0;1.0;17;;M;0.0;0.0;660
201100013094;11;11;2;1000;1;1;1;1.0;5.0;44;;M;0.0;0.0;660
201100013150;11;9;13;1600;1;1;1;1.0;3.0;98;;M;0.0;0.0;201
201100013184;11;8;16;1200;1;1;1;1.0;1.0;247;;M;0.0;0.0;201
201100013221;11;8;19;1145;1;1;1;1.0;1.0;148;;M;0.0;0.0;202
201100013246;11;8;8;1045;1;2;1;1.0;2.0;298;CD 81 ROUTE DE PATRIMONI;M;0.0;0.0;202
201100013263;11;4;8;1345;1;2;9;1.0;3.0;168;RN 197;M;0.0;0.0;202
201100013316;11;4;6;1600;1;1;1;1.0;1.0;307;;M;0.0;0.0;202
201100013333;11;7;22;1750;1;2;1;1.0;2.0;23;13, DE GAULLE (AVENUE DU;M;4489477.0;663317.0;50
201100013334;11;8;6;1620;1;2;7;8.0;6.0;23;01, GRANDE RUE;M;4490067.0;664411.0;50
201100013338;11;8;26;1300;1;2;3;1.0;1.0;23;AV Forgues/D202;M;4490562.0;662940.0;50
201100013348;11;6;20;935;1;2;1;1.0;1.0;61;DESCENTE ( ROUTE DE LA );M;4457453.0;608263.0;50
201100013349;11;6;30;1435;1;2;6;1.0;3.0;61;BOUTONS D'OR ( RUE DES );M;4454554.0;606291.0;50
201100013353;11;7;14;935;1;2;1;1.0;3.0;61;COMMANDANT DUMONT ( AVEN;M;4456270.0;608388.0;50
201100013355;11;8;3;1620;1;2;3;1.0;3.0;61;D942 A 15 rue de valserr;M;4455479.0;607878.0;50
201100013378;11;4;17;2000;1;2;1;1.0;3.0;89;AVENUE ARISTIDE BRIAND;M;4903740.0;158044.0;780
201100013398;11;9;14;745;2;1;1;7.0;2.0;48;RTE DE PARIS;M;0.0;0.0;780
201100013413;11;1;8;1030;1;1;4;6.0;6.0;108;RD 60 / RD 191;M;4873120.0;183496.0;780
201100013441;11;8;4;1115;1;1;1;1.0;1.0;443;RD 34;M;4881500.0;186500.0;780
201100013485;11;3;12;1630;1;2;1;1.0;3.0;95;CD 99;M;0.0;0.0;910
201100013545;11;4;4;1630;1;2;1;1.0;1.0;272;Avenue du g?n?ral lecler;M;0.0;0.0;910
201100013546;11;4;27;815;1;2;1;1.0;1.0;272;r J.Adam / Ave G.Leclerc;M;0.0;0.0;910
201100013550;11;7;5;1200;1;1;1;1.0;1.0;679;;M;0.0;0.0;910
201100013570;11;4;16;1615;1;2;1;1.0;3.0;287;R DU VEXIN;M;4913240.0;204930.0;950
201100013577;11;12;26;1315;1;1;1;1.0;3.0;23;RD 188;M;4917740.0;209260.0;950
201100013581;11;6;8;1610;1;2;3;8.0;1.0;628;GRANDE RUE;M;4909340.0;219520.0;950
201100013583;11;9;26;1730;1;2;1;1.0;1.0;211;R DU CHENE;M;4907090.0;210350.0;950
201100013599;11;5;11;1800;1;2;1;1.0;3.0;489;R de la tête RICHARD;M;4901850.0;234960.0;950
201100013619;11;4;15;2345;5;2;2;1.0;3.0;100;;;;;770
201100013622;11;1;13;2215;3;1;4;1.0;3.0;107;;M;0.0;0.0;770
201100013629;11;8;28;1615;1;2;1;1.0;3.0;86;Rue Faubourg de Nangis;M;0.0;0.0;770
201100013634;11;2;2;745;2;1;1;9.0;1.0;104;;M;0.0;0.0;770
201100013688;11;12;31;1730;2;1;1;2.0;2.0;63;;M;4880000.0;296300.0;770
201100013706;11;6;12;145;3;1;1;1.0;2.0;230;;M;0.0;0.0;770
201100013710;11;9;11;1830;1;1;2;1.0;3.0;297;;M;0.0;0.0;770
201100013772;11;3;10;2215;3;1;1;1.0;1.0;383;;M;0.0;0.0;770
201100013818;11;9;15;815;1;2;3;1.0;3.0;173;AV GL GAULLE/R P.MANDONN;M;4786461.0;212598.0;450
201100013845;11;4;19;1800;1;2;3;1.0;3.0;25;RTE CHILLEURS/PL MAIRIE;M;4814398.0;207906.0;450
201100013856;11;4;23;1400;1;1;6;1.0;3.0;227;;M;4771381.0;258943.0;450
201100013869;11;7;2;1900;1;1;1;1.0;3.0;40;LE BUISSON;M;4757131.0;286358.0;450
201100013877;11;3;2;1045;1;1;2;1.0;3.0;63;;M;4763669.0;244842.0;450
201100013888;11;10;24;1415;1;2;9;1.0;3.0;315;R PILLARDIERE//ST GOBAIN;M;4774836.0;236606.0;450
201100013892;11;12;23;1600;1;2;1;1.0;3.0;297;R PARIS;M;0.0;0.0;450
201100013915;11;11;24;1745;3;1;1;1.0;2.0;257;MOTTEUX;M;4787081.0;273791.0;450
201100013919;11;4;18;1830;1;2;2;1.0;3.0;104;R 8 MAI/R CHATELET;M;4803569.0;271498.0;450
201100013951;11;7;19;1100;1;2;1;2.0;2.0;197;AVENUE DU GENERAL DE GAU;M;0.0;0.0;180
201100013953;11;8;23;1900;1;2;1;1.0;3.0;38;RUE JEAN RAMEAU;M;4676930.0;243455.0;180
201100013955;11;11;23;1445;1;2;1;1.0;3.0;197;AVENUE JEAN GIRAULT;M;4672800.0;250200.0;180
201100013957;11;12;15;1745;5;2;1;3.0;2.0;197;7 PROMENADE DUBREUIL;M;4672600.0;250729.0;180
201100013992;11;7;14;1000;1;1;1;1.0;5.0;165;;M;4734560.0;224491.0;180
201100014020;11;7;16;1515;1;1;1;1.0;3.0;138;;M;4708090.0;232653.0;180
201100014031;11;6;3;1415;1;1;2;1.0;3.0;35;;M;4711480.0;261610.0;180
201100014086;11;11;25;730;2;1;1;5.0;1.0;194;;M;4844000.0;163200.0;280
201100014104;11;11;19;900;1;2;1;1.0;2.0;422;31 Loigny la Bataille;M;0.0;0.0;280
201100014115;11;6;5;1845;1;1;1;1.0;1.0;51;;M;4819000.0;138000.0;280
201100014139;11;6;18;1200;1;1;1;6.0;7.0;178;;M;4874800.0;149300.0;280
201100014169;11;2;12;800;2;1;1;8.0;1.0;280;;M;4832100.0;79600.0;280
201100014185;11;9;19;1630;1;2;1;1.0;3.0;214;5 Rue Claude DEBUSSY;M;4846898.0;100885.0;280
201100014197;11;4;30;1930;1;2;3;1.0;5.0;31;40 RUE GRANDE;M;4688970.0;142275.0;360
201100014216;11;10;21;1900;1;2;2;1.0;3.0;93;REPUBLIQUE/FBG CHAMPAGNE;M;4697440.0;161197.0;360
201100014221;11;5;24;1815;1;1;1;1.0;3.0;87;;M;4660290.0;94929.0;360
201100014225;11;8;25;1500;1;1;1;1.0;2.0;220;;M;4660190.0;141927.0;360
201100014247;11;6;13;1000;1;1;1;1.0;3.0;210;;M;4661290.0;192964.0;360
201100014248;11;6;27;1400;1;2;1;1.0;3.0;1;52 AVENUE DE LA REPUBLIQ;M;4644040.0;182065.0;360
201100014262;11;6;6;515;1;1;1;1.0;7.0;179;;M;4692410.0;193339.0;360
201100014300;11;6;17;1930;2;2;2;8.0;1.0;251;RUE DU BOURG NEUF;M;4752210.0;39643.0;370
201100014322;11;9;24;1030;1;1;1;1.0;1.0;167;;M;4756330.0;54981.0;370