Num_Acc;an;mois;jour;hrmn;lum;agg;int;atm;col;com;adr;gps;lat;long;dep
201100014325;11;1;11;1530;1;1;1;6.0;1.0;281;;M;4745200.0;78689.0;370
201100014339;11;6;30;1000;1;1;1;1.0;7.0;276;RUE DE LA PETITE TOUCHE;M;4754650.0;86379.0;370
201100014364;11;8;25;1645;1;1;1;1.0;3.0;38;;M;4729730.0;36538.0;370
201100014382;11;3;17;1815;1;1;1;1.0;1.0;183;;M;4710110.0;101181.0;370
201100014388;11;5;28;1415;1;1;4;1.0;3.0;97;;M;4720190.0;88658.0;370
201100014409;11;8;13;2115;2;1;1;1.0;5.0;28;;M;4677860.0;94611.0;370
201100014433;11;2;7;1430;1;2;1;1.0;1.0;85;CARREFOUR CD 951 /BONVEA;M;4765310.0;167195.0;410
201100014460;11;2;14;1345;1;1;1;1.0;2.0;237;;;;;410
201100014471;11;8;30;1045;1;2;1;1.0;1.0;258;RUE JEUNIER;;;;410
201100014481;11;10;7;1730;1;2;1;1.0;3.0;276;RUE DE LA GARE;;;;410
201100014517;11;8;7;1145;1;1;1;1.0;4.0;149;;M;4777390.0;80803.0;410
201100014532;11;6;30;1630;1;2;1;1.0;3.0;248;13 RUE DE LA POSTE;M;4804200.0;86801.0;410
201100014564;11;8;8;1300;1;1;1;1.0;1.0;31;;M;4777443.0;-359201.0;290
201100014586;11;11;18;715;2;2;3;1.0;3.0;104;Boulevard CAMPANULES;M;0.0;0.0;130
201100014589;11;4;14;1200;1;2;1;1.0;1.0;58;R DE CREIL;M;4916090.0;229730.0;950
201100014592;11;11;26;1445;1;1;1;1.0;1.0;26;RTE D'ASNIERES;M;4914450.0;237960.0;950
201100014599;11;5;25;1100;1;2;1;1.0;3.0;199;Ave de Cesaree;M;0.0;0.0;330
201100014649;11;5;23;1535;1;2;1;1.0;3.0;4;8, VERDUN AV.DE;;;;60
201100014661;11;6;24;1830;1;2;1;1.0;3.0;4;172, KENNEDY BD J.F.;;;;60
201100014662;11;7;5;2000;1;1;1;1.0;3.0;4;RD6098;;;;60
201100014718;11;1;21;1455;1;2;1;1.0;6.0;27;PLAGE BOULEVARD DE LA;;;;60
201100014756;11;4;15;2120;5;2;3;1.0;3.0;123;GARE ROUTE DE LA;;;;60
201100014765;11;4;27;755;1;2;1;1.0;2.0;123;MAICON PROMENADE;;;;60
201100014766;11;4;29;1400;1;2;3;1.0;3.0;27;VIOLETTES AVENUE DES;;;;60
201100014776;11;5;10;750;1;2;1;1.0;3.0;27;ALPES AVENUE DES;;;;60
201100014777;11;5;11;920;1;2;1;1.0;2.0;27;92, PLAGE BOULEVARD DE L;;;;60
201100014783;11;5;22;835;1;2;1;1.0;3.0;27;BIR HAKEIM RUE;;;;60
201100014794;11;6;3;1020;1;2;3;1.0;3.0;123;MISTRAL FREDERIC AVENUE;;;;60
201100014805;11;6;22;1515;1;2;1;1.0;3.0;27;112, PLAGE BOULEVARD DE;;;;60
201100014826;11;7;31;1000;1;2;1;1.0;3.0;123;BORD DE MER RN 98;;;;60
201100014844;11;9;6;800;1;2;2;1.0;3.0;27;CHENES AVENUE DES;;;;60
201100014850;11;9;14;1010;1;2;1;1.0;3.0;123;40, ORANGERS AVENUE DES;;;;60
201100014860;11;10;7;1535;1;2;1;1.0;3.0;27;12, JUIN BOULEVARD MAREC;;;;60
201100014884;11;11;12;1450;1;2;1;1.0;3.0;27;116, PLAGE BOULEVARD DE;;;;60
201100014903;11;12;8;1100;1;2;3;1.0;3.0;123;1829, CURIE PIERRE ET MA;;;;60
201100014917;11;1;11;815;1;2;1;1.0;3.0;29;00, GAZAGNAIRE (RUE DU D;;;;60
201100014955;11;3;22;1250;1;2;1;1.0;3.0;29;65, CARNOT (BOULEVARD);;;;60
201100014987;11;5;2;1815;1;2;1;1.0;3.0;29;114, ANTIBES (RUE D');;;;60
201100015049;11;8;7;1605;1;2;1;1.0;6.0;29;JOFFRE (RUE MARECHAL);;;;60
201100015054;11;8;13;1630;1;2;1;1.0;6.0;29;2, BERNARD (AVENUE TRIST;;;;60
201100015061;11;8;21;2200;5;2;1;1.0;2.0;29;LATOUR MAUBOURG (RUE);;;;60
201100015079;11;9;7;1800;1;2;1;1.0;3.0;29;COUBERTIN (AVENUE PIERRE;;;;60
201100015096;11;9;30;750;1;2;1;1.0;3.0;29;69, CARNOT (BOULEVARD);;;;60
201100015140;11;12;27;1330;1;2;9;1.0;3.0;29;26, HIBERT (BOULEVARD JE;;;;60
201100015230;11;5;23;1305;1;1;1;1.0;7.0;69;X, GENETS (AVENUE DES);;;;60
201100015257;11;6;23;730;1;2;1;1.0;2.0;69;298, CANNES (ROUTE DE);;;;60
201100015270;11;7;11;1810;1;2;1;1.0;2.0;69;19, GARAGAI (CHEMIN DU);;;;60
201100015321;11;9;20;1325;1;2;1;1.0;7.0;69;x, RIOU BLANQUET (AVENUE;;;;60
201100015330;11;10;4;1915;1;2;9;1.0;6.0;69;39, ZOLA (BOULEVARD EMIL;;;;60
201100015354;11;10;31;1645;1;2;1;1.0;6.0;69;50, CANNES (ROUTE DE)  -;;;;60
201100015403;11;1;3;1220;1;2;1;1.0;6.0;83;DE GAULLE (AVENUE GENERA;;;;60
201100015408;11;2;4;1300;1;2;1;1.0;3.0;83;71, FRANCE (AVENUE PORTE;;;;60
201100015480;11;9;7;640;2;2;1;1.0;3.0;83;face au 55, FRANCE (AVEN;;;;60
201100015516;11;1;6;1840;5;2;1;2.0;3.0;88;0, MEDECIN (AV. JEAN);;;;60
201100015547;11;1;17;1720;2;2;1;1.0;3.0;88;38, MADELEINE (BD DE LA);;;;60
201100015569;11;1;25;1310;1;2;2;1.0;3.0;88;0, GIACOBI (AV.);;;;60
201100015604;11;2;7;1430;1;2;1;1.0;6.0;88;ANGLAIS (DU N° 1 AU N° 4;;;;60
201100015606;11;2;8;745;1;2;2;1.0;3.0;88;ASSALIT (RUE);;;;60
201100015610;11;2;9;1300;1;2;1;1.0;6.0;88;0, ANGLAIS PLAGE (N°1 AU;;;;60
201100015654;11;2;25;910;1;2;1;1.0;6.0;88;35, BONAPARTE (RUE);;;;60
201100015657;11;2;25;1520;1;2;1;1.0;3.0;88;0, FAURE (AV. FELIX);;;;60
201100015725;11;3;23;1440;1;2;1;1.0;6.0;88;71, LANTERNE (AV. DE LA);;;;60
201100015730;11;3;25;1345;1;2;1;1.0;3.0;88;400, ANGLAIS (DU N° 265;;;;60
201100015772;11;4;10;1730;1;2;1;1.0;6.0;88;0, GARIBALDI (PL.);;;;60
201100015782;11;4;13;1610;1;2;3;1.0;7.0;88;0, SUEDE (AV. DE);;;;60
201100015801;11;4;18;1700;1;2;1;1.0;6.0;88;0, RD 6202;;;;60
201100015805;11;4;19;1845;1;2;1;1.0;3.0;88;0, GRENOBLE (ROUTE DE);;;;60
201100015810;11;4;21;900;1;2;1;1.0;6.0;88;223, ANGLAIS PLAGE (DU 1;;;;60
201100015858;11;5;8;745;1;2;2;1.0;3.0;88;0, CARNOT (BD);;;;60
201100015876;11;5;13;1130;1;2;1;1.0;3.0;88;0, SAINT-JEAN BAPTISTE (;;;;60
201100015977;11;6;15;2150;3;1;1;1.0;6.0;159;19, PRINCESSE GRACE DE M;;;;60
201100015995;11;6;23;2325;5;2;2;1.0;3.0;88;0, MOULIN (PL. JEAN);;;;60
201100015996;11;6;24;1000;1;2;1;1.0;3.0;88;19, CARABACEL (BD);;;;60
201100016014;11;6;28;2236;1;2;1;1.0;3.0;88;0, ANGLAIS (A PARTIR DU;;;;60
201100016038;11;7;7;855;1;2;1;1.0;6.0;88;0, ARMEE DES ALPES (BD D;;;;60
201100016109;11;8;2;1315;1;2;3;1.0;6.0;88;16, SEGURANE (R.);;;;60
201100016116;11;8;4;830;1;2;1;1.0;6.0;88;0, THIERS (AV.);;;;60
201100016175;11;8;29;1550;1;2;1;1.0;3.0;88;0, TURIN (RTE DE);;;;60
201100016180;11;8;31;1630;1;2;1;1.0;2.0;88;742, GRENOBLE (ROUTE DE);;;;60
201100016190;11;9;6;845;1;2;2;1.0;3.0;88;0, BEAUMONT (RUE);;;;60
201100016195;11;9;8;1455;1;2;6;1.0;2.0;88;0, SAINT-ISIDORE (QUART.;;;;60
201100016223;11;9;17;2315;5;2;2;1.0;3.0;88;0, MEDECIN (AV. JEAN);;;;60
201100016229;11;9;21;2000;5;2;1;1.0;6.0;88;0, ANGLAIS PLAGE (N? 113;;;;60
201100016249;11;9;29;210;5;2;3;1.0;3.0;88;63, ANGLAIS (DU N? 45 AU;;;;60
201100016258;11;10;3;1315;1;2;2;1.0;3.0;88;0, LASCARIS (R.);;;;60
201100016306;11;10;16;900;1;2;1;1.0;1.0;88;22, SAINT-AGATHE (R. GUI;;;;60
201100016320;11;10;19;905;1;2;1;1.0;3.0;88;0, VERNIER (R.);;;;60
201100016330;11;10;22;1345;1;2;1;1.0;5.0;88;11, ILE-DE-BEAUTE (PL. D;;;;60
201100016344;11;10;29;1250;1;2;1;1.0;6.0;88;0, CARLONE (BD);;;;60
201100016393;11;11;20;1400;1;2;3;1.0;3.0;88;FABRON (AV. DE) (A PARTI;;;;60
201100016472;11;12;17;830;1;2;1;1.0;6.0;88;0, ANGLAIS (A PARTIR DU;;;;60
201100016487;11;12;21;2325;5;2;1;1.0;3.0;88;23, ROQUEBILLIERE (R. DE;;;;60
201100016551;11;6;7;1640;1;1;6;1.0;3.0;19;RN 102;;;;70
201100016566;11;5;28;1650;1;2;6;1.0;3.0;102;0, Jean MOULIN (Rue);;;;70
201100016568;11;8;9;1015;1;2;3;1.0;6.0;281;14, BOUVAT (QUAI JULES);;;;70
201100016569;11;9;3;1250;1;1;1;1.0;3.0;281;C.D. 287 (VERS ST ROMAIN;;;;70
201100016580;11;9;24;1830;1;1;1;1.0;1.0;96;GN 49.386 5.958;M;0.0;0.0;570
201100016612;11;5;13;1100;1;2;3;1.0;1.0;51;rue de l'Erbonière;M;4810537.0;-162901.0;350
201100016613;11;11;22;1400;1;1;6;1.0;2.0;334;;M;4815300.0;-159000.0;350
201100016648;11;4;9;1600;1;1;1;1.0;2.0;232;D980;M;0.0;0.0;510
201100016666;11;1;30;1700;1;1;3;1.0;1.0;243;;M;0.0;0.0;370
201100016673;11;8;11;1800;1;2;1;1.0;1.0;18;RUE DU PUITS TESSIER;M;4733980.0;62234.0;370
201100016675;11;10;7;1530;1;2;1;1.0;1.0;18;VOIE PIETONNE SANS NOM;M;4735070.0;62857.0;370
201100016839;11;3;8;1415;1;1;1;1.0;5.0;86;;M;0.0;0.0;600
201100016900;11;7;29;1900;1;2;3;1.0;3.0;479;RUE HAUTE;M;4751100.0;478100.0;210
201100016946;11;10;4;1615;1;1;1;1.0;5.0;5;;M;4819258.0;-79333.0;530
201100016958;11;7;3;1700;1;2;3;1.0;3.0;371;Hameau de la bonne;M;4908460.0;250350.0;950
201100017134;11;3;28;955;1;2;4;1.0;3.0;346;WARNECOURT ROUTE;M;4975510.0;470025.0;80
201100017141;11;5;28;1615;1;1;1;1.0;2.0;298;ROUTE DE NOUZONVILLE;M;4979510.0;474883.0;80
201100017208;11;5;7;1400;1;1;1;1.0;2.0;268;;M;0.0;0.0;690
201100017258;11;7;11;900;1;1;1;1.0;3.0;506;;M;0.0;0.0;310
201100017294;11;4;27;1945;2;1;1;1.0;1.0;105;rte de la Folleville;M;0.0;0.0;910
201100017302;11;5;16;1845;1;2;3;1.0;3.0;485;AVENUE ARISTIDE BERGES;M;4518490.0;569712.0;380
201100017310;11;7;8;1500;1;1;9;1.0;6.0;527;;M;0.0;0.0;380
201100017311;11;7;31;1915;1;1;1;1.0;6.0;52;;M;0.0;0.0;380
201100017420;11;1;3;1430;1;2;1;1.0;3.0;172;avenue Général De Gaulle;M;4270760.0;284068.0;660
201100017429;11;3;8;1815;1;2;1;1.0;1.0;264;avenue des lacs;M;0.0;0.0;740
201100017436;11;5;19;915;1;2;1;1.0;1.0;264;AVENUE DU CROZET;M;0.0;0.0;740
201100017445;11;8;24;845;1;1;1;1.0;1.0;14;ROUTE DE FLAINE;M;0.0;0.0;740
201100017446;11;10;5;1500;1;2;2;7.0;6.0;264;MONTBLANC / ANDRE BRUN;M;0.0;0.0;740
201100017484;11;1;30;1500;1;2;2;1.0;1.0;225;, RAMBAUD (COURS);M;4297760.0;161100.0;90
201100017488;11;5;20;1630;1;2;1;1.0;3.0;225;12, FOIX AVENUE DE;M;4310772.0;161791.0;90
201100017576;11;11;7;1315;1;1;1;1.0;2.0;397;;M;0.0;0.0;380
201100017590;11;1;16;1230;1;2;1;1.0;2.0;466;RN13;M;4892440.0;199445.0;780
201100017595;11;10;15;1645;1;2;1;1.0;7.0;431;RUE DE LA FONTAINE;M;4894800.0;196300.0;780
201100017597;11;4;15;1400;1;1;3;1.0;1.0;122;;M;0.0;0.0;330
201100017604;11;5;3;1845;1;2;1;1.0;1.0;140;rue la bardere;M;4269178.0;276904.0;660
201100017639;11;4;22;1000;1;2;6;1.0;3.0;251;;M;4857600.0;-281500.0;220
201100017653;11;5;16;1030;1;2;6;1.0;1.0;268;Marechal Juin/zanaroli;M;4589000.0;610000.0;740
201100017684;11;4;11;1815;1;1;1;1.0;2.0;450;D8;M;0.0;0.0;510
201100017696;11;7;6;945;1;2;3;1.0;3.0;203;rueCapucines/ch mailheau;M;4352212.0;132172.0;310
201100017708;11;8;8;1330;1;1;1;1.0;1.0;18;;M;0.0;0.0;60
201100017718;11;5;15;800;1;1;1;1.0;2.0;63;;M;0.0;0.0;690
201100017743;11;4;20;1400;1;2;3;1.0;1.0;11;19 chemin du Pesay;M;0.0;0.0;740
201100017762;11;11;9;1000;1;1;1;1.0;1.0;255;;M;0.0;0.0;340
201100017808;11;8;5;900;1;1;6;1.0;1.0;214;;M;0.0;0.0;560
201100017811;11;11;19;1215;1;2;9;1.0;3.0;243;47 route de Nantes;M;4765250.0;-273135.0;560
201100017843;11;1;31;1415;1;1;2;8.0;1.0;200;;M;0.0;0.0;140
201100017854;11;6;11;930;1;1;1;1.0;5.0;51;;M;0.0;0.0;130
201100017866;11;8;10;1045;1;1;3;1.0;2.0;174;05100;M;4491276.0;667196.0;50
201100017894;11;12;18;1556;1;2;1;1.0;3.0;343;5, FABLE (RUE);;;;100
201100017911;11;2;16;1640;1;2;6;1.0;3.0;387;GEORGES POMPIDOU (BD);;;;100
201100017924;11;3;19;1250;1;2;1;1.0;7.0;387;., EMILE ZOLA (RUE);;;;100
201100017933;11;4;17;1755;1;2;3;1.0;6.0;333;CROIX ROUGE (RUE DE LA );;;;100
201100017939;11;4;7;915;1;2;1;1.0;6.0;387;., CHAMPS DE LA LOGE (RU;;;;100
201100017941;11;5;6;1135;1;2;6;1.0;6.0;387;97, LOMBARDS (AVENUE);;;;100
201100017945;11;5;14;1935;1;2;6;1.0;6.0;333;TILLEULS (AVENUE DES);;;;100
201100017947;11;5;23;910;1;2;4;1.0;6.0;333;142, ADOLPHE THIERS (RUE;;;;100
201100017949;11;6;8;1952;1;2;3;1.0;3.0;387;SIMART (RUE);;;;100
201100017960;11;7;22;1910;1;2;1;1.0;6.0;387;32, CHOMEDEY DE MAISONNE;;;;100
201100017961;11;7;21;1200;1;2;3;2.0;3.0;387;., CAMILLE CLAUDEL (RUE);;;;100
201100017966;11;8;21;1249;1;1;1;1.0;3.0;387;., THENARD (RUE);;;;100
201100017969;11;8;24;845;1;2;2;1.0;3.0;387;18 TER, ANATOLE FRANCE;;;;100
201100017977;11;9;3;1130;1;2;2;1.0;3.0;387;EDMOND FARIAT (RUE);;;;100
201100017989;11;9;27;825;1;2;3;1.0;3.0;387;BAS TREVOIS (RUE DES);;;;100
201100018002;11;10;14;1720;1;2;6;1.0;3.0;343;CHATEAU DES COURS (RUE D;M;4816187.0;452646.0;100
201100018004;11;11;10;1903;5;2;1;1.0;3.0;387;., RAYMOND BURGARD (RUE);M;4816284.0;444720.0;100
201100018005;11;11;14;2015;5;2;2;1.0;3.0;387;ANATOLE FRANCE (AVE);M;4815545.0;441354.0;100
201100018006;11;11;26;1120;1;2;1;1.0;6.0;333;9, JULES DIDIER (RUE);M;4828937.0;406746.0;100
201100018022;11;5;30;815;1;2;1;1.0;1.0;152;route d'entzheim;M;4852200.0;765000.0;670
201100018029;11;9;6;900;1;2;1;7.0;1.0;309;INTERSECTION RD263/RD64;M;0.0;0.0;670
201100018035;11;4;9;1845;1;2;1;1.0;3.0;105;chemin des pignatons;M;0.0;0.0;60
201100018054;11;7;8;1215;1;2;6;1.0;3.0;193;ROND POINT DE L'ARBONNAS;M;4561530.0;522570.0;380
201100018057;11;12;5;715;3;1;1;2.0;6.0;193;;M;0.0;0.0;380
201100018072;11;10;11;745;5;2;6;1.0;1.0;19;BASENAVALE;M;4837780.0;-450680.0;290
201100018095;11;8;21;2115;2;1;1;1.0;2.0;206;;M;4808600.0;-169300.0;350
201100018113;11;5;25;1700;1;2;1;1.0;3.0;439;Rue de la fontaine;M;0.0;0.0;620
201100018142;11;11;3;1953;3;1;1;1.0;5.0;69;NARBONNE -ROUTE DE-;;;;110
201100018154;11;2;10;635;2;2;1;1.0;3.0;69;68, IENA -ALLEE D'- N° P;;;;110
201100018155;11;2;11;1626;1;2;1;1.0;7.0;69;2, BERGES DE L'AUDE -AV-;;;;110
201100018171;11;4;30;2019;3;1;1;1.0;3.0;69;3, BARTAVELLES -CHEMIN-;;;;110
201100018176;11;5;20;1751;1;2;1;1.0;3.0;69;2, DUPLEIX JOSEPH FRANCO;;;;110
201100018179;11;6;14;814;1;2;1;1.0;3.0;69;31, MARTY ANTOINE;;;;110
201100018185;11;6;30;1627;1;2;2;1.0;3.0;69;2, VARSOVIE -BD-;;;;110
201100018190;11;7;12;1031;1;1;1;1.0;2.0;69;ROCADE SUD RD 342;;;;110
201100018193;11;8;3;354;4;1;1;1.0;2.0;69;MINERVOISE -ROUTE-;;;;110
201100018201;11;8;27;839;1;2;1;1.0;7.0;69;BARBES BD ET PROMENADE-P;;;;110
201100018228;11;11;1;1227;1;2;2;1.0;1.0;69;JOURDANE GASTON -PLACE-;;;;110
201100018229;11;11;2;1704;1;1;1;1.0;6.0;69;ROCADE SUD RD 342;;;;110
201100018238;11;12;4;905;1;2;3;1.0;3.0;69;17, ROOSEVELT -IMPAIRS J;;;;110
201100018252;11;10;28;1915;3;1;1;2.0;3.0;76;D6113;;;;110
201100018265;11;1;3;1400;1;2;1;1.0;3.0;262;FRANCE (AVENUE ANATOLE);;;;110
201100018303;11;6;21;1810;1;2;3;1.0;3.0;262;LECLERC (AVENUE DU GENER;;;;110
201100018304;11;6;22;1215;1;2;1;1.0;3.0;262;HUGO (QUAI ET PASSERELLE;;;;110
201100018309;11;7;13;2105;1;2;1;1.0;6.0;262;DROITE (RUE);;;;110
201100018311;11;2;21;1240;1;2;1;1.0;3.0;262;1, GRUISSAN (ROUTE DE);;;;110
201100018318;11;9;9;745;1;2;3;1.0;3.0;262;ARMISSAN ROUTE D');;;;110
201100018319;11;2;25;1900;2;2;3;1.0;3.0;262;1, ARMEE (RUE DE LA GRAN;;;;110
201100018324;11;9;21;835;1;2;6;1.0;2.0;262;LUNES (ROUTE DE);;;;110
201100018328;11;10;7;920;1;1;6;1.0;3.0;262;DAHLIAS (RUES DES);;;;110
201100018330;11;11;9;750;2;2;3;1.0;3.0;262;MILLE HUIT CENT QUAR. HU;;;;110
201100018340;11;12;10;1200;1;2;1;1.0;3.0;262;POMPIDOR (AVENUE);;;;110
201100018364;11;5;20;1210;1;2;1;1.0;7.0;262;CAMP (AVENUE JEAN);;;;110
201100018365;11;5;20;1150;1;2;1;1.0;2.0;262;LORRAINE (QUAI DE);;;;110
201100018368;11;5;26;1820;1;2;1;1.0;7.0;262;RN 009 NARBONNE / BEZIER;;;;110
201100018390;11;8;21;1755;1;2;1;1.0;7.0;262;REPUBLIQUE (COURS DE LA);;;;110
201100018396;11;8;30;1915;1;2;1;1.0;7.0;262;AVENIR (PONT DE L');;;;110
201100018404;11;9;16;950;1;2;1;1.0;6.0;262;ESPAGNE (AVENUE D');;;;110
201100018415;11;10;19;1800;1;2;6;1.0;3.0;262;MILLIAIRE (ROND POINT);;;;110
201100018424;11;12;20;1425;1;2;3;1.0;3.0;262;SERMET (AVENUE ELIE);;;;110
201100018474;11;6;4;1015;1;2;1;1.0;3.0;164;avenue d'anterne;M;0.0;0.0;740
201100018503;11;3;8;1646;1;2;3;1.0;3.0;89;RODEZ (AVENUE DE);;;;120
201100018522;11;9;20;1810;1;2;3;1.0;3.0;145;1, EUROPE (AVENUE DE L');;;;120
201100018552;11;9;20;1005;1;2;1;1.0;7.0;176;BALQUIERES (BLD DES) -CO;;;;120
201100018621;11;4;2;1330;1;1;1;1.0;7.0;1;RD9;;;;130
201100018671;11;9;13;750;1;2;6;1.0;3.0;1;/, ARC DE MEYRAN (AV);;;;130
201100018735;11;8;2;1840;1;2;1;1.0;1.0;4;126, GEORGES CLEMENCEAU;;;;130
201100018746;11;10;20;1230;1;2;3;1.0;6.0;4;STALINGRAD AVENUE DE;;;;130
201100018761;11;3;8;915;1;2;1;1.0;6.0;5;BOYER (AVENUE ANTIDE);;;;130
201100018807;11;10;12;1850;2;2;3;1.0;3.0;70;BOURGADE (TRAVERSE DE LA;;;;130
201100018815;11;10;27;745;2;1;1;1.0;3.0;5;1680, CD 2 (CAMP MAJOR);;;;130
201100018865;11;1;16;1023;1;1;1;1.0;5.0;63;., C.D 10;;;;130
201100018870;11;2;26;1515;1;1;1;1.0;2.0;47;., RN 569;;;;130
201100018971;11;12;24;1900;5;2;1;1.0;7.0;55;27, ALL DE LA ROUGUIERE;M;4329585.0;545789.0;130
201100019033;11;1;17;900;1;2;1;1.0;6.0;55;00, BD CHARLES LIVON;;;;130
201100019110;11;12;31;1300;1;2;2;1.0;3.0;55;1, RUE DAUMIER;;;;130
201100019217;11;8;6;1830;1;2;4;1.0;3.0;55;CHE DE LA COLLINE SAINT;;;;130
201100019333;11;2;13;2000;5;2;1;1.0;7.0;55;33, RUE WULFRAM PUGET;;;;130
201100019350;11;1;26;1050;1;1;1;1.0;1.0;75;00, TERMES (ALLEE DES);;;;130
201100019361;11;3;2;950;1;2;1;1.0;6.0;55;1, AVE D' HAIFA;;;;130
201100019372;11;1;24;1200;1;2;3;1.0;3.0;55;63, CHE SAINT JEAN DU DE;;;;130
201100019410;11;2;24;940;1;2;1;1.0;7.0;55;3, BD GUSTAVE DESPLACES;;;;130
201100019487;11;2;5;1300;1;2;1;1.0;6.0;55;2, RUE SAINTE CECILE;M;4328687.0;539054.0;130
201100019504;11;3;11;1300;1;2;1;1.0;1.0;55;45, AVE DE LA POINTE ROU;;;;130
201100019575;11;1;8;1815;5;2;1;1.0;6.0;55;36, AVE CAMILLE PELLETAN;;;;130
201100019593;11;3;24;2100;5;2;3;1.0;6.0;55;95, RUE DE LODI;;;;130
201100019594;11;3;3;1200;1;2;1;1.0;6.0;55;28, RUE STANISLAS TORREN;M;4328784.0;537823.0;130
201100019607;11;3;6;1330;1;2;1;1.0;2.0;55;145BIS, BD BAILLE;;;;130
201100019632;11;3;30;1340;1;2;1;1.0;1.0;55;4, SQ BERTHIER;M;4329237.0;543564.0;130
201100019634;11;3;29;1215;1;2;1;1.0;1.0;55;01, CHE DE LA COLLINE SA;;;;130
201100019648;11;3;26;950;1;2;3;1.0;6.0;55;02, BD DES LIBERATEURS;;;;130
201100019679;11;4;14;1830;1;2;3;1.0;2.0;55;TRA LAURENT POUDRETTE;;;;130
201100019685;11;4;5;1040;1;2;2;1.0;6.0;55;116, BD DE LA POMME;;;;130
201100019725;11;3;30;800;1;2;6;1.0;3.0;55;39, AVE DU CORAIL;;;;130
201100019868;11;4;21;730;1;2;2;1.0;3.0;55;RUE THERESA;;;;130
201100019881;11;5;6;1510;1;2;1;1.0;6.0;55;00, AVE DE SAINT BARNABE;;;;130
201100019910;11;8;11;2145;5;2;2;1.0;3.0;55;RUE BERNEX;;;;130
201100019928;11;5;1;1640;1;2;3;1.0;3.0;55;CR DE LA VALBARELLE A SA;;;;130
201100020016;11;5;29;1700;1;2;1;1.0;3.0;55;240, COR PRESIDENT JOHN;;;;130
201100020017;11;5;25;925;1;2;2;1.0;3.0;55;91, RUE DE ROME;;;;130
201100020021;11;5;7;1500;1;2;1;1.0;3.0;55;RUE ALBERT PREMIER;;;;130
201100020051;11;5;20;1800;1;2;1;1.0;2.0;55;149, AVE CLOT BEY;;;;130
201100020062;11;6;2;1100;1;1;1;1.0;6.0;2;ETIENNE CUCCA-CD908 (AVE;;;;130
201100020091;11;4;29;745;1;2;2;1.0;6.0;55;00, RUE SAINTE BARBE;;;;130
201100020109;11;6;19;2000;1;2;1;1.0;3.0;55;17, RUE DU SUD ET DU PER;;;;130
201100020119;11;6;12;1120;1;1;1;1.0;6.0;2;ETIENNE CUCCA-CD908 (AVE;;;;130
201100020125;11;6;8;30;5;2;1;1.0;3.0;55;1, BD DUGOMMIER;;;;130
201100020145;11;6;21;830;1;2;1;1.0;6.0;55;00, BD MICHELET;;;;130
201100020166;11;6;23;1340;1;2;1;1.0;3.0;55;42, QAI DE RIVE NEUVE;;;;130
201100020205;11;5;25;900;1;2;1;1.0;3.0;55;120, AVE DE MONTOLIVET;;;;130
201100020224;11;6;23;1825;1;2;1;1.0;2.0;55;21, AVE DES BUTRIS;;;;130
201100020237;11;5;28;930;1;2;6;1.0;3.0;55;1, AVE D' HAIFA;;;;130
201100020239;11;6;10;1645;1;2;1;1.0;2.0;55;45, RUE AVIATEUR LE BRIX;;;;130
201100020253;11;7;8;840;1;2;1;1.0;2.0;55;3, BD PIERRE MENARD;M;4329049.0;543950.0;130
201100020257;11;6;30;600;2;2;2;1.0;3.0;55;00, BD NATIONAL;;;;130
201100020274;11;6;8;1130;1;2;1;1.0;2.0;55;8, QAI DE RIVE NEUVE;;;;130
201100020316;11;6;18;1300;1;2;1;1.0;3.0;55;RPT ADRIEN LEGROS 1903-1;;;;130
201100020325;11;7;7;2330;5;2;1;1.0;3.0;55;15, BD FERDINAND DE LESS;M;4332010.0;537109.0;130
201100020329;11;6;23;2030;2;2;1;1.0;3.0;55;192, RTE LEON LACHAMP;M;4324896.0;545208.0;130
201100020342;11;7;8;835;1;2;1;1.0;3.0;55;12, BD CAMILLE FLAMMARIO;;;;130
201100020480;11;7;7;605;2;2;1;1.0;6.0;55;2, BD D ATHENES;;;;130
201100020503;11;6;30;1845;1;2;1;1.0;3.0;55;196, AVE DE TOULON;;;;130
201100020593;11;7;15;1920;1;2;1;1.0;1.0;55;42, CHE SAINT JEAN DU DE;;;;130
201100020620;11;8;9;1220;1;2;1;1.0;3.0;55;40, BD BERNEX;;;;130
201100020625;11;8;27;820;1;2;1;1.0;3.0;55;1, RPT LIEUTENANT COLONE;;;;130
201100020737;11;9;14;1550;1;2;1;1.0;2.0;55;172, AVE DU VINGT QUATRE;M;4330831.0;543602.0;130
201100020748;11;9;16;850;1;2;1;1.0;6.0;75;00DEVANT C, LOUIS PASTEU;;;;130
201100020838;11;10;5;1250;1;2;1;1.0;3.0;55;87, AVE WILLIAM BOOTH;;;;130
201100020880;11;9;26;1225;1;2;1;1.0;6.0;55;00, RPT ADRIEN LEGROS 19;;;;130
201100020889;11;10;1;1120;1;2;1;1.0;3.0;55;AVE DE SAINT MENET;;;;130
201100020921;11;7;3;1118;1;2;1;1.0;3.0;55;RTE LEON LACHAMP;;;;130
201100020931;11;9;30;845;1;2;1;1.0;5.0;55;1, BD HAGUENAU;;;;130
201100020932;11;10;8;1900;5;2;1;1.0;6.0;55;157, RUE DE ROME;;;;130
201100020961;11;10;5;1815;1;2;1;1.0;3.0;55;75, ALL LEON GAMBETTA;;;;130