Num_Acc;an;mois;jour;hrmn;lum;agg;int;atm;col;com;adr;gps;lat;long;dep
201100021040;11;8;3;1330;1;2;1;1.0;2.0;55;268, AVE DE TOULON;;;;130
201100021435;11;12;14;1000;1;2;2;1.0;3.0;55;210, BD NATIONAL;M;4330979.0;537959.0;130
201100021488;11;3;20;1050;1;2;1;1.0;3.0;56;LECLERC QUAI GENERAL CHA;;;;130
201100021507;11;5;12;1430;1;2;1;1.0;2.0;56;9, ROUGES;;;;130
201100021512;11;5;27;1355;1;2;3;1.0;3.0;56;COMBES RUE LEONARD;;;;130
201100021554;11;8;30;815;1;1;1;1.0;3.0;26;BRICARD (rond-point du);;;;130
201100021556;11;9;3;1920;1;1;2;7.0;3.0;26;RN 568 CLM;;;;130
201100021585;11;10;20;1445;1;2;1;1.0;3.0;56;TURCAN FRANCIS;;;;130
201100021626;11;6;18;1200;1;2;6;2.0;1.0;103;RUE RANCHIER -DE L'ABBE;M;4364051.0;510647.0;130
201100021659;11;9;30;1130;1;2;1;1.0;3.0;108;MEZOARGUES (LOTISSEMENT;;;;130
201100021661;11;11;2;815;1;2;6;1.0;3.0;108;ROI RENE (BOULEVARD);;;;130
201100021670;11;1;7;1320;1;1;1;1.0;2.0;117;EUROCOPTER CD 20;;;;130
201100021721;11;4;11;1845;1;2;1;1.0;6.0;71;5, LECLERC ( AVENUE DU G;M;4340946.0;532068.0;130
201100021769;11;6;16;1610;1;2;1;1.0;3.0;71;ROUTE NATIONALE 368 (PLA;;;;130
201100021772;11;6;17;1615;1;1;1;1.0;1.0;71;VAL DES FLEURS ( CHEMIN;;;;130
201100021775;11;6;22;1140;1;2;1;1.0;3.0;117;CUGNOT ( AVENUE JOSEPH );;;;130
201100021868;11;11;8;1530;1;2;1;1.0;3.0;117;142, MARSEILLE ( AVENUE;;;;130
201100021890;11;12;1;900;1;1;1;2.0;2.0;117;CHEMIN DEPARTEMENTAL CD;;;;130
201100021932;11;5;5;1345;1;1;1;1.0;5.0;356;RD 195;M;4873400.0;207600.0;780
201100021994;11;1;24;750;2;2;4;2.0;3.0;118;0, SAINT NICOLAS (RUE);M;4918390.0;-37573.0;140
201100022061;11;12;18;930;1;2;3;8.0;3.0;327;1, 3EME DIVISION D'INFAN;;;;140
201100022090;11;10;8;1215;1;2;1;1.0;2.0;34;chemin de barrau;M;4373759.0;451974.0;300
201100022099;11;4;10;1015;1;2;6;1.0;2.0;536;CD 580;M;4941170.0;25241.0;140
201100022108;11;11;16;1753;5;2;1;1.0;3.0;333;32, RENOUF (RUE EMILE);;;;140
201100022130;11;4;23;1145;1;2;1;1.0;3.0;366;51, VIEUX SERGENT (RUE);M;4916050.0;22695.0;140
201100022159;11;12;8;1345;1;2;1;1.0;3.0;366;7, PRESIDENT RENE COTY (;;;;140
201100022161;11;10;29;1540;1;1;1;1.0;6.0;557;VALLEE (Rue de la);;;;140
201100022190;11;11;29;1830;5;2;1;2.0;6.0;715;86, GENERAL DE GAULLE (R;;;;140
201100022200;11;4;28;1645;1;1;3;1.0;1.0;10;;M;0.0;0.0;130
201100022207;11;3;25;1200;1;2;6;1.0;3.0;192;Rond point de l'Europe;M;4352956.0;392331.0;340
201100022313;11;6;4;830;1;1;6;1.0;3.0;183;RD 38;M;4903790.0;199560.0;950
201100022361;11;5;22;1100;1;1;1;1.0;1.0;152;La Sorinais;M;4819404.0;-151234.0;350
201100022430;11;2;22;2055;5;2;1;1.0;3.0;15;RUE RAYMOND POINCARE;M;4564830.0;16300.0;160
201100022450;11;4;30;1227;1;2;1;1.0;6.0;15;RUE  BLERIOT;M;;;160
201100022460;11;5;21;1530;1;1;3;1.0;3.0;113;ROUTE DU PONT NEUF;M;;;160
201100022463;11;6;2;1537;1;2;3;1.0;3.0;154;;M;;;160
201100022472;11;6;21;1835;1;2;3;1.0;3.0;15;DENFERT ROCHEREAU;M;;;160
201100022504;11;9;18;1850;1;2;2;1.0;3.0;15;AV de LATTRE DE TASSIGNY;M;4565298.0;16476.0;160
201100022509;11;9;30;1520;1;2;1;1.0;3.0;15;RUE denis papin;M;4565363.0;16194.0;160
201100022513;11;9;25;1840;2;2;1;1.0;6.0;15;Av de LATTRE DE TASSIGNY;M;4565685.0;17066.0;160
201100022536;11;1;13;1735;5;2;2;1.0;2.0;102;125 BD DENFERT ROCHEREAU;M;4569861.0;-32893.0;160
201100022547;11;12;9;1630;1;2;6;1.0;2.0;89;AVENUE DE BARBEZIEUX;M;4568141.0;-32856.0;160
201100022558;11;3;10;1700;1;2;6;1.0;6.0;260;CD 315 route de Lyon;M;0.0;0.0;690
201100022576;11;8;29;815;1;2;6;7.0;3.0;28;Rond Point Costa Roja;M;4268650.0;293478.0;660
201100022578;11;1;1;1510;1;2;2;1.0;3.0;299;172990395, SAINTONGE AVE;;;;170
201100022582;11;1;19;1720;1;2;1;1.0;7.0;299;172990020, AUNIS AVENUE;;;;170
201100022594;11;3;20;1615;1;2;1;1.0;2.0;299;172990373, WILSON AVENUE;;;;170
201100022605;11;4;28;1710;1;2;6;1.0;3.0;299;172990363, VAUBAN ROND P;;;;170
201100022610;11;5;12;1435;1;2;2;1.0;3.0;299;172990270, ONZE NOVEMBRE;;;;170
201100022618;11;6;17;730;1;2;6;1.0;3.0;299;1729000378, LEGION D'HON;;;;170
201100022619;11;6;21;1430;1;1;6;1.0;2.0;299;RD 5;;;;170
201100022636;11;9;16;1940;1;2;6;1.0;3.0;299;172990378, LEGION D'HONN;;;;170
201100022641;11;10;5;745;1;2;1;1.0;3.0;449;174490030, PUYJARREAU RU;;;;170
201100022659;11;12;15;1800;4;2;6;3.0;3.0;449;174490042, BRIAND AVENUE;;;;170
201100022670;11;1;12;749;5;2;6;2.0;6.0;300;95, COGNEHORS   BOULEVAR;;;;170
201100022672;11;1;14;1815;2;2;1;1.0;6.0;300;17, MINAGE   RUE DU;;;;170
201100022690;11;2;6;1809;2;2;1;1.0;2.0;200;VENDOME   RUE DU MOULIN;;;;170
201100022693;11;2;8;930;1;2;1;1.0;7.0;274;CAILLAUDE   RUE DE LA;;;;170
201100022700;11;2;16;940;1;2;1;1.0;6.0;300;5, huguenotte;;;;170
201100022704;11;2;23;914;1;2;2;1.0;3.0;300;1, MASSE   RUE CLAUDE;;;;170
201100022711;11;3;1;1642;1;2;1;1.0;2.0;300;02, LECLERC   AVENUE DU;;;;170
201100022714;11;3;8;845;1;2;1;1.0;6.0;300;COGNEHORS   BOULEVARD DE;;;;170
201100022739;11;4;1;1130;1;2;1;1.0;1.0;300;CARNOT   AVENUE;;;;170
201100022745;11;4;8;1610;1;2;2;1.0;3.0;300;ALBERT IER   RUE;;;;170
201100022748;11;4;11;1634;1;2;1;1.0;1.0;300;09, CARNOT   AVENUE;;;;170
201100022750;11;4;12;1435;1;2;1;1.0;1.0;300;CERF-VOLANT   RUE DU;;;;170
201100022751;11;4;13;1215;1;2;1;1.0;3.0;300;HUGUENOTE   RUE DE LA;;;;170
201100022761;11;5;2;2340;5;2;3;1.0;3.0;300;02, MERCIERS   RUE DES;;;;170
201100022762;11;5;3;5;5;2;1;1.0;7.0;200;3, BOIS D'HURE   RUE DU;;;;170
201100022774;11;5;17;1110;1;2;1;1.0;6.0;300;44, DUPERRE   QUAI;;;;170
201100022779;11;5;20;1340;1;2;2;1.0;3.0;300;1, JOURDAN   RUE;;;;170
201100022789;11;5;27;908;1;2;1;1.0;7.0;300;02, MONNAIE   AVENUE DE;;;;170
201100022797;11;6;6;943;1;2;1;1.0;1.0;300;PRUNIER   QUAI LOUIS;;;;170
201100022806;11;6;10;1757;1;2;1;1.0;3.0;300;MOULIN   AVENUE JEAN;;;;170
201100022808;11;6;15;1020;1;2;1;1.0;6.0;300;ONZE NOVEMBRE 1918   AVE;;;;170
201100022815;11;6;23;1350;1;2;1;1.0;3.0;300;02, REMPARTS   CHEMIN DE;;;;170
201100022825;11;7;2;950;1;2;1;1.0;6.0;300;DAMES   COURS DES;;;;170
201100022832;11;7;6;1345;1;2;9;1.0;3.0;300;5, BETHENCOURT   RUE DE;;;;170
201100022833;11;7;6;1940;1;2;1;1.0;7.0;300;5, SOMME   RUE DE LA;;;;170
201100022838;11;7;12;1606;1;2;1;1.0;1.0;300;CARNOT   AVENUE;;;;170
201100022840;11;7;15;105;5;2;1;1.0;6.0;300;5, SCHWEITZER   RUE DU D;;;;170
201100022855;11;8;3;1400;1;2;1;1.0;2.0;300;02, VIELJEUX   RUE LEONC;;;;170
201100022860;11;8;6;1750;1;2;1;1.0;1.0;300;10, BOURGET   RUE PAUL;;;;170
201100022869;11;8;20;1240;1;2;1;1.0;1.0;300;JOFFRE   BOULEVARD (>79;;;;170
201100022875;11;8;31;1329;1;2;6;1.0;6.0;274;REPUBLIQUE   ROND-POINT;;;;170
201100022878;11;9;3;1906;1;2;1;1.0;6.0;300;BAUDELAIRE   RUE CHARLES;;;;170
201100022883;11;9;6;1800;1;1;1;1.0;1.0;300;JERICHO   RUE DE;;;;170
201100022887;11;9;10;1859;1;2;1;1.0;2.0;300;3, LAZARET   AVENUE DU;;;;170
201100022889;11;9;16;2210;2;1;1;1.0;3.0;300;SIMENON   QUAI GEORGES;;;;170
201100022899;11;9;27;1347;1;2;1;1.0;7.0;300;MARECHALE   RUE DE LA;;;;170
201100022902;11;9;28;800;1;2;1;1.0;1.0;300;REPUBLIQUE   BOULEVARD D;;;;170
201100022903;11;9;28;1046;1;2;9;1.0;3.0;300;173, GUITON   AVENUE JEA;;;;170
201100022905;11;9;28;1835;2;2;1;1.0;6.0;300;LACROIX   RUE MARIUS;;;;170
201100022909;11;10;2;1940;1;2;1;1.0;2.0;300;5, CHEMIN VERT   RUE DU;;;;170
201100022918;11;10;7;916;1;2;9;1.0;6.0;28;GAULLE   AVENUE DU GENER;;;;170
201100022941;11;11;5;1039;1;2;9;1.0;7.0;300;TRUFFAUT  RUE FRANCOIS;;;;170
201100022944;11;11;7;1814;5;2;9;1.0;6.0;28;31, CLEMENCEAU   BOULEVA;;;;170
201100022954;11;11;16;1144;1;2;1;1.0;6.0;300;COGNEHORS   BOULEVARD DE;;;;170
201100022960;11;11;23;1420;1;2;1;1.0;1.0;300;CRAPAUDIERES   AVENUE DE;;;;170
201100022961;11;11;23;1850;1;2;1;1.0;7.0;300;RABELAIS   RUE;;;;170
201100022964;11;11;28;850;1;2;1;1.0;1.0;300;KASTLER   RUE ALFRED;;;;170
201100022979;11;12;8;1235;1;2;1;1.0;1.0;300;MONNET   AVENUE JEAN;;;;170
201100023000;11;2;7;1415;1;2;6;1.0;6.0;380;., VERDUN (AVENUE DE);;;;170
201100023002;11;2;24;1630;1;2;1;1.0;3.0;306;., LOTI PIERRE;;;;170
201100023007;11;3;23;1300;1;2;1;1.0;6.0;380;., JONQUE (ALLEE DE LA);;;;170
201100023009;11;4;26;1240;1;2;1;1.0;3.0;306;., CLEMENCEAU  GEORGES (;;;;170
201100023010;11;4;29;1514;1;2;3;1.0;3.0;333;., COTE DE BEAUTE (BOULE;;;;170
201100023018;11;6;1;1245;1;2;1;1.0;3.0;306;., ROCHEFORT (DE)  (AVEN;;;;170
201100023024;11;6;21;1613;1;2;1;1.0;2.0;306;., ESPERANCE (DE L');;;;170
201100023025;11;6;22;230;5;2;1;1.0;6.0;306;., GARNIER (BD FREDERIC);;;;170
201100023031;11;7;6;1608;1;2;1;1.0;2.0;461;., COTE DE BEAUTE (BOULE;;;;170
201100023039;11;7;16;525;3;1;1;1.0;6.0;306;., EXPRESS (VOIE);;;;170
201100023053;11;8;3;1800;1;2;1;1.0;3.0;306;., DE LATTRE DE TASSIGNY;;;;170
201100023062;11;8;12;1215;1;2;1;1.0;6.0;306;22, MAINE ARNAUD (DU) (A;;;;170
201100023064;11;8;17;1145;1;2;1;1.0;6.0;380;., REPUBLIQUE (AVENUE DE;;;;170
201100023075;11;9;21;1314;1;2;3;1.0;6.0;306;., QUEBEC (AVENUE);;;;170
201100023117;11;2;10;1710;1;2;1;1.0;6.0;415;NATIONAL 69 A FIN ET 46;;;;170
201100023121;11;2;17;1513;1;2;1;1.0;6.0;415;1, PALISSY QUAI;;;;170
201100023131;11;4;8;845;1;2;1;1.0;6.0;415;1, DUFAURE AVENUE JULES;;;;170
201100023134;11;4;27;1715;1;2;1;1.0;6.0;415;153, GAMBETTA 74 A 162 E;;;;170
201100023162;11;8;1;1025;1;2;1;1.0;6.0;415;1, GILARDEAUX RUE DES;;;;170
201100023163;11;8;6;1030;1;2;1;2.0;6.0;415;1, AUBARREE PLACE DE L';;;;170
201100023168;11;8;22;1715;1;2;1;1.0;6.0;415;122, GAMBETTA 74 A 162 E;;;;170
201100023187;11;10;20;800;1;2;1;1.0;6.0;415;1, DOUMER ROCADE COTE BE;;;;170
201100023188;11;10;22;910;1;2;1;1.0;6.0;415;1, GENET 6 A ROCADE OUES;;;;170
201100023189;11;11;2;1600;1;2;1;1.0;6.0;415;1, APOTRES DE LA LIBERTE;;;;170
201100023190;11;11;15;1720;1;2;1;1.0;6.0;415;1, RECOLLETS PLACE DES;;;;170
201100023206;11;12;22;845;1;2;1;1.0;6.0;415;1, SAINTONGE RUELLE  DE;;;;170
201100023233;11;4;1;115;3;1;1;1.0;2.0;141;;M;0.0;0.0;660
201100023243;11;5;4;1845;1;1;1;1.0;1.0;76;;M;4411481.0;452942.0;300
201100023320;11;3;15;1710;1;2;1;1.0;6.0;33;10, LAUDIER (AVENUE HENR;M;4709250.0;239391.0;180
201100023346;11;4;23;900;1;2;3;1.0;3.0;33;, DESMOULINS (RUE CA;M;4709630.0;239959.0;180
201100023372;11;6;11;1805;1;2;1;1.0;3.0;33;38, VILLON (R FRANCOIS);M;4710360.0;241209.0;180
201100023380;11;7;2;1620;1;2;1;1.0;1.0;33;51, SERAUCOURT (RUE DE);M;4707640.0;240074.0;180
201100023403;11;8;24;615;3;2;6;1.0;3.0;33;LAUDIER (AVENUE HENRI);M;4709370.0;239409.0;180
201100023410;11;9;6;1408;1;2;1;1.0;3.0;33;112, AV DE LATTRE TASSIG;M;4709770.0;241753.0;180
201100023411;11;9;7;1815;1;2;2;1.0;3.0;33;JOFFRE/HERVET;M;4707270.0;239848.0;180
201100023434;11;10;16;1144;1;2;6;1.0;2.0;33;RACINES (ROUTE DES);M;4712580.0;239399.0;180
201100023445;11;11;8;1750;5;2;1;1.0;3.0;33;74, TURLY (RUE DE);M;4710310.0;242950.0;180
201100023477;11;8;10;1115;1;1;1;1.0;1.0;91;;M;0.0;0.0;830
201100023600;11;2;10;1150;1;2;1;1.0;3.0;279;15 MOLIERE ( RUE );M;4721900.0;206513.0;180
201100023630;11;9;30;830;1;2;2;1.0;2.0;279;NATION (BD )/RUE HENAULT;M;4721530.0;205894.0;180
201100023637;11;10;21;755;2;2;3;5.0;6.0;279;83, AV 14 JULLET/JONC;M;4721060.0;206284.0;180
201100023646;11;12;5;1020;1;2;3;1.0;3.0;279;REPUBLIQUE (AV )/MAC NAB;M;4722300.0;206635.0;180
201100023655;11;2;4;1645;1;2;1;1.0;3.0;350;RUE DU 11 NOVEMBRE;M;0.0;0.0;720
201100023667;11;7;5;1730;1;2;1;1.0;1.0;350;15 rue du 08 mai;M;0.0;0.0;720
201100023676;11;10;16;1130;1;1;1;1.0;1.0;260;;M;4792200.0;41000.0;720
201100023681;11;12;15;800;3;1;1;1.0;3.0;155;;M;4787200.0;23200.0;720
201100023748;11;6;2;1055;1;2;2;1.0;3.0;31;CHAUMEIL (RUE PIERRE);M;4515650.0;150426.0;190
201100023752;11;6;11;1540;1;2;2;1.0;3.0;31;HOTEL DE VILLE (RUE DE L;M;4515940.0;153364.0;190
201100023803;11;11;16;1455;1;2;1;1.0;2.0;31;03, QUATORZE JUILLET (AV;;;;190
201100023804;11;11;18;805;1;2;3;1.0;3.0;31;76, EMERY (AVENUE ANDRE);;;;190
201100023813;11;12;3;2025;5;2;6;9.0;2.0;31;FRATERNITE (ROND-POINT D;M;4516630.0;154180.0;190
201100023826;11;7;8;1815;1;2;1;8.0;1.0;46;rue kruystraete/ cd 947;M;5090298.0;257729.0;590
201100023828;11;10;15;1030;1;2;1;1.0;1.0;260;rue du lac;M;5105320.0;252471.0;590
201100023863;11;8;29;1900;2;2;1;1.0;3.0;15;Rue de Bantzenheim;M;4780191.0;738780.0;680
201100023864;11;10;14;630;5;2;6;1.0;3.0;300;rue de Mulhouse;M;4777951.0;736502.0;680
201100023868;11;1;27;650;5;2;1;1.0;3.0;54;GARE (PLACE DE LA);;;;210
201100023869;11;1;26;1630;1;2;1;2.0;3.0;54;FERRY (BOULEVARD JULES);;;;210
201100023882;11;9;6;1710;1;2;2;1.0;3.0;54;HUIT SEPTEMBRE (AVENUE D;M;4702380.0;484429.0;210
201100023886;11;10;28;1903;5;2;1;1.0;3.0;54;4, FERRY (BOULEVARD JULE;M;4702170.0;484094.0;210
201100023895;11;2;14;1211;1;2;2;2.0;2.0;231;10, MIRANDE (DE) (RUE);M;4731880.0;504922.0;210
201100023897;11;2;22;1400;1;2;1;1.0;1.0;231;2, ALEMBERT (D') (RUE);M;4732930.0;505956.0;210
201100023902;11;3;10;255;3;2;2;1.0;2.0;355;122 A (CD);;;;210
201100023919;11;5;17;855;1;2;2;1.0;3.0;231;ISABELLE DU PORTUGAL (RU;;;;210
201100023926;11;6;20;2030;1;2;4;1.0;3.0;231;BOUDRONNEE (DE LA) (RUE);;;;210
201100023929;11;7;5;839;1;2;2;1.0;3.0;231;MIRANDE (DE) (RUE);;;;210
201100023934;11;9;9;1530;1;2;1;1.0;2.0;231;10, PERRIERES (DES) (RUE;;;;210
201100023935;11;9;9;1730;1;2;4;1.0;6.0;355;59, DIJON (DE) (ROUTE);;;;210
201100023938;11;9;14;943;1;2;3;1.0;1.0;231;PEJOCES (DES) (RUE);;;;210
201100023952;11;10;28;1209;1;2;2;1.0;5.0;231;MANSART (BOULEVARD);;;;210
201100023965;11;12;6;840;2;2;1;2.0;2.0;231;19, PIRON (RUE);;;;210
201100023967;11;12;8;1808;3;2;2;1.0;3.0;355;122 A (CD);;;;210
201100023982;11;2;6;930;1;2;6;1.0;3.0;50;Place MARECHAL LECLERC;M;4845618.0;-204925.0;220
201100023984;11;3;11;1835;1;2;3;1.0;3.0;50;1 RUE FAYON;M;4846067.0;-204631.0;220
201100023985;11;3;17;1730;1;2;1;1.0;2.0;50;9, RUE CAPITAINE HESRY;M;4845759.0;-205347.0;220
201100023988;11;4;8;1045;1;2;6;7.0;3.0;50;RENE CASSIN (AVENUE);;;;220
201100023994;11;6;29;1940;1;2;4;1.0;3.0;50;CHATEAUBR/St JEAN DIEU;M;4844631.0;-204596.0;220
201100023998;11;8;12;735;1;2;1;1.0;3.0;50;210, Bd ANDRE AUBERT;M;4846485.0;-204152.0;220
201100024000;11;9;20;740;1;2;6;1.0;3.0;50;PLACE DU GENERAL LECLERC;M;4845654.0;-204888.0;220
201100024017;11;2;12;1045;1;1;1;1.0;3.0;113;PLEUMEUR BODOU (ROUTE DE;;;;220
201100024021;11;3;28;1340;1;2;1;1.0;6.0;113;BIENFAISANCE (RUE DE LA);;;;220
201100024029;11;8;1;950;1;2;1;1.0;7.0;113;Place du GENERAL LECLERC;M;4873206.0;-345843.0;220
201100024031;11;8;10;730;1;2;6;1.0;3.0;113;GENERAL DE GAULLE (AVENU;;;;220
201100024045;11;12;11;1230;1;2;3;2.0;3.0;113;74 RUE DE L' AERODROME;M;4874536.0;-346604.0;220
201100024056;11;1;16;915;1;1;1;1.0;7.0;106;46 RUE DE RENNES;M;4849338.0;-271045.0;220
201100024058;11;1;19;1220;1;2;4;1.0;3.0;278;REINE ASTRID/F BIENVENUE;M;4850184.0;-275534.0;220
201100024077;11;3;7;1209;1;2;1;1.0;6.0;278;7 RUE ABBE GARNIER;M;4850591.0;-276130.0;220
201100024081;11;3;13;815;1;1;6;1.0;7.0;360;RUE DE SAINT RIVILY;M;4848881.0;-276274.0;220
201100024088;11;3;22;1430;1;2;1;1.0;7.0;278;45 RUE DE LUZEL;M;4850501.0;-277587.0;220
201100024096;11;4;7;1905;1;1;1;1.0;2.0;215;RUE DU PONT DES ISLES;M;4852303.0;-281917.0;220
201100024136;11;6;7;835;1;2;6;1.0;3.0;360;EPINE BLANCHE /REPUBLIQU;M;4849246.0;-273926.0;220
201100024146;11;6;24;820;1;2;2;1.0;3.0;106;Rue Ht CHEMINS/Chem NOE;M;4848576.0;-268377.0;220
201100024182;11;9;22;1350;1;2;6;1.0;2.0;278;Place du 8 Mai;M;4851221.0;-275540.0;220
201100024186;11;10;4;1830;1;1;1;1.0;7.0;360;0, BOCAGE (RUE DU);;;;220
201100024203;11;11;23;1435;1;1;3;1.0;3.0;215;RUE DU PONT NOIR;M;4848969.0;-284080.0;220
201100024207;11;12;2;1445;1;1;1;1.0;3.0;106;RUE AMBROISE PARE;M;4849787.0;-273093.0;220
201100024224;11;2;16;1215;1;2;6;1.0;6.0;96;GANE (ROND POINT DE LA);;;;230
201100024233;11;9;21;1420;1;1;1;1.0;3.0;96;940 (ROUTE DEPARTEMENTAL;;;;230
201100024234;11;11;3;1745;5;2;1;2.0;3.0;96;0, COURTILLE (ROUTE DE);;;;230
201100024261;11;6;9;2100;1;1;1;1.0;3.0;176;;M;0.0;0.0;500
201100024287;11;10;31;1700;1;2;1;1.0;6.0;74;lieu-dit les vallees;M;0.0;0.0;180
201100024292;11;2;20;1445;1;2;1;1.0;2.0;31;RUE DES AVERRIES;M;4726050.0;16982.0;370
201100024310;11;5;20;1500;1;2;1;1.0;1.0;4;Rue Henri dunant;M;0.0;0.0;10
201100024347;11;9;26;700;2;1;1;1.0;6.0;124;;M;0.0;0.0;570
201100024375;11;10;5;715;2;2;1;1.0;1.0;268;rue des fosses;M;4829338.0;330417.0;100
201100024402;11;6;29;915;1;2;1;1.0;1.0;322;227, ROUTE D'ANGOULEME';;;;240
201100024404;11;7;31;1200;1;1;1;1.0;3.0;138;6021, La Rampinsolle RD6;;;;240
201100024411;11;10;17;1748;1;2;6;1.0;3.0;102;GABARES (CHEMIN);;;;240
201100024419;11;1;26;704;5;2;6;4.0;3.0;56;sans, RN 1057 (ROUTE DE;;;;250
201100024446;11;4;7;1335;1;2;1;1.0;3.0;56;SANS, FOCH AVENUE MARECH;;;;250
201100024448;11;4;8;1733;1;2;1;1.0;3.0;56;21 BIS, WYRSCH RUE JEAN;;;;250
201100024455;11;4;19;755;1;2;2;1.0;3.0;56;SANS, DEUX PRINCESSES RU;;;;250
201100024460;11;4;28;1024;1;2;1;8.0;2.0;56;19, MOUILLERE RUE DE LA;;;;250
201100024462;11;5;6;1724;1;2;1;1.0;1.0;56;32, MARCEAU  AV. COMMAND;;;;250
201100024491;11;6;20;1328;1;2;1;1.0;2.0;56;17, MONTRAPON AVENUE DE;;;;250
201100024507;11;7;11;1200;1;2;2;1.0;3.0;56;65, BELFORT RUE DE <144;;;;250
201100024509;11;7;16;1726;1;2;1;1.0;1.0;56;SANS, GRAVIERS BLANCS CH;;;;250
201100024522;11;8;31;1805;1;2;3;1.0;3.0;56;SANS, JANVIER RUE ANTIDE;;;;250
201100024523;11;9;2;1425;1;2;1;1.0;3.0;56;7, VITTEL  RUE DE;;;;250
201100024530;11;9;12;1406;1;2;1;1.0;6.0;56;32, DOLE RUE DE <82;;;;250
201100024539;11;10;1;1707;1;2;1;1.0;6.0;56;SANS, TORCOLS CHEMIN DES;;;;250
201100024551;11;10;16;1625;1;1;1;1.0;6.0;56;SANS, MONTOILLE CHEMIN D;;;;250
201100024552;11;10;19;755;2;2;1;2.0;1.0;56;2, OBSERVATOIRE AVENUE D;;;;250
201100024556;11;10;25;937;1;2;1;1.0;6.0;56;23, PREFECTURE RUE DE LA;;;;250
201100024572;11;11;26;1432;1;2;1;2.0;6.0;56;SANS, PLANCON RUE GABRIE;;;;250
201100024574;11;11;30;1905;5;2;6;1.0;2.0;56;sans, SAVARY RUE ALAIN;;;;250
201100024615;11;8;19;1730;1;2;3;1.0;3.0;230;16, CLEMENCEAU (RUE GEOR;;;;250
201100024624;11;11;14;1740;5;2;1;8.0;3.0;580;35, GLACES (RUE DES);;;;250
201100024637;11;4;13;1225;1;2;1;1.0;3.0;462;53, DOUBS DE (DU 25 A LA;;;;250
201100024642;11;6;7;1735;1;2;7;3.0;3.0;462;SAINT PIERRE PLACE;;;;250
201100024651;11;10;12;1525;1;2;1;8.0;6.0;462;87, REPUBLIQUE DE LA;;;;250
201100024655;11;11;25;1335;1;2;1;1.0;3.0;462;63, ARMEE DE L'EST (AVEN;;;;250
201100024660;11;6;26;15;3;1;1;1.0;2.0;38;;M;0.0;0.0;840
201100024682;11;2;24;1815;2;2;1;2.0;1.0;653;rue du G Koenig;M;5056380.0;292764.0;590
201100024688;11;8;9;1015;1;2;1;1.0;1.0;653;rue achille pinteaux;M;5057340.0;293867.0;590
201100024711;11;12;18;1030;1;2;1;1.0;3.0;198;26198;;;;260
201100024726;11;5;5;1155;1;2;6;1.0;3.0;198;ALLAN (ROUTE D');;;;260
201100024727;11;5;21;1800;1;2;6;1.0;2.0;198;26198;;;;260
201100024744;11;1;6;1745;5;2;6;1.0;3.0;281;PRESLE (PLACE DE LA);M;4504240.0;504540.0;260
201100024748;11;1;18;820;1;2;6;1.0;3.0;281;GAMBETTA (AVENUE);;;;260
201100024760;11;3;7;1430;1;1;1;1.0;1.0;57;RD 538;;;;260
201100024779;11;5;4;720;1;2;1;1.0;5.0;57;26362;;;;260
201100024781;11;5;8;2100;2;2;9;1.0;3.0;281;26281;M;4504300.0;503500.0;260
201100024789;11;5;25;1445;1;2;1;1.0;6.0;281;16 BIS, DELAY (RUE);M;4504920.0;505280.0;260
201100024804;11;7;13;1610;1;2;6;2.0;3.0;281;26281;M;4505330.0;504260.0;260
201100024806;11;7;20;748;1;2;6;1.0;3.0;281;26281;;;;260
201100024807;11;7;20;1130;1;2;1;1.0;3.0;281;26281;;;;260
201100024808;11;7;20;1439;1;1;1;1.0;2.0;281;26281;;;;260
201100024811;11;7;27;1830;1;2;6;1.0;6.0;281;26281;;;;260
201100024813;11;8;3;1345;1;2;3;1.0;3.0;57;GRAND'RUE JEAN JAURES;;;;260
201100024814;11;8;13;1618;1;2;3;1.0;4.0;281;26281;;;;260
201100024816;11;8;18;1700;1;2;2;2.0;3.0;281;26281;M;4504550.0;504930.0;260
201100024825;11;9;28;2000;5;2;3;1.0;3.0;281;26281;M;4505190.0;506490.0;260
201100024837;11;10;25;1500;1;2;1;2.0;3.0;281;26281;;;;260
201100024849;11;12;8;930;1;2;6;1.0;6.0;281;26281;M;4505330.0;504260.0;260
201100024861;11;1;12;1215;1;2;1;1.0;3.0;362;50, LIBERATION AV. DE LA;M;4491100.0;488800.0;260
201100024885;11;4;8;1910;1;2;6;1.0;3.0;362;26362;M;4494000.0;491600.0;260
201100024890;11;4;19;1400;1;2;1;1.0;1.0;362;PONT DES ANGLAIS R;;;;260
201100024906;11;5;24;1200;1;2;2;1.0;3.0;58;26058;M;4495470.0;489990.0;260
201100024908;11;5;26;915;1;1;1;1.0;3.0;58;26057;M;4494430.0;489520.0;260
201100024909;11;5;30;1200;1;2;2;1.0;3.0;362;26362;M;4493200.0;489880.0;260