Num_Acc;an;mois;jour;hrmn;lum;agg;int;atm;col;com;adr;gps;lat;long;dep
201100024925;11;7;14;1105;1;2;1;1.0;7.0;362;26362;M;4492070.0;488590.0;260
201100024936;11;9;12;840;1;2;3;1.0;3.0;362;26362;M;4492790.0;492390.0;260
201100024942;11;9;22;1710;1;2;6;1.0;3.0;362;26362;M;4491290.0;487540.0;260
201100024944;11;9;27;1330;1;2;6;1.0;7.0;362;26362;M;4492200.0;489200.0;260
201100025024;11;4;28;1200;1;2;4;1.0;7.0;229;DUGUAY TROUIN (RUE);M;4902830.0;116680.0;270
201100025033;11;7;4;1638;1;2;2;1.0;3.0;229;R BROSSOLETTE DUGUESCLIN;M;4902330.0;116946.0;270
201100025048;11;7;15;1345;1;2;1;1.0;3.0;353;route de Lorient;M;4810900.0;-174000.0;350
201100025053;11;5;14;1900;1;2;9;1.0;6.0;351;RUE DE LA CROIX DU VOEU;M;4923140.0;117804.0;270
201100025070;11;5;7;1615;1;2;1;1.0;3.0;140;CHEMIN PINS PIGNOUS;M;0.0;0.0;60
201100025116;11;6;3;1630;1;2;1;1.0;7.0;266;151 rue nationale;M;5054274.0;297803.0;590
201100025128;11;1;17;1900;3;1;1;1.0;2.0;85;RD24;;;;280
201100025142;11;3;23;1145;1;2;3;7.0;7.0;218;sans, BEAUCE (RUE DE);M;4843421.0;145866.0;280
201100025145;11;3;26;1030;1;2;1;1.0;3.0;85;SANS, FAUBOURG LA GRAPPE;;;;280
201100025146;11;4;4;730;1;1;1;5.0;2.0;85;SANS, RD939;;;;280
201100025148;11;4;6;1715;1;2;1;1.0;3.0;85;sans, FAUBOURG SAINT JEA;;;;280
201100025155;11;4;17;945;1;2;7;1.0;1.0;85;JAURES (BOULEVARD);;;;280
201100025171;11;5;27;1355;1;2;5;1.0;3.0;85;SANS, EPARGNE (RUE DE L';M;4844743.0;0.0;280
201100025181;11;6;28;1712;1;2;1;1.0;3.0;85;SANS, CASANOVA (RUE DANI;;;;280
201100025189;11;9;12;1230;1;2;3;1.0;3.0;85;SANS, MARTIN (RUE JULES);M;4844117.0;149401.0;280
201100025207;11;11;8;2240;5;2;1;5.0;3.0;85;SANS, SEMARD (PLACE PIER;M;4844798.0;148192.0;280
201100025219;11;12;2;1400;1;2;1;7.0;2.0;218;9, ECOLES (RUE DES);;;;280
201100025241;11;10;18;1645;1;1;1;1.0;2.0;284;;M;4606787.0;397834.0;420
201100025352;11;9;10;1015;1;1;1;1.0;2.0;428;;M;4942800.0;570200.0;540
201100025399;11;1;9;1832;1;2;1;1.0;6.0;19;., LE GORGEU (SANS N° EN;M;4840054.0;-449989.0;290
201100025402;11;1;21;700;3;2;2;1.0;6.0;19;., LOTI PIERRE;M;4838282.0;-450704.0;290
201100025410;11;2;14;1415;1;2;6;3.0;3.0;19;113, MONTAIGNE (DE 98 ET;M;4840479.0;-447866.0;290
201100025431;11;3;30;745;1;2;6;1.0;3.0;19;., FOUGERES (RUE ET RD P;M;4840651.0;-452034.0;290
201100025436;11;4;4;1605;1;2;3;1.0;3.0;19;., QUIMPER (154 ET 173 A;M;4840218.0;-446004.0;290
201100025442;11;4;12;1730;1;2;2;1.0;3.0;19;., RUE GUSTAVE ZEDE;M;4842185.0;-446351.0;290
201100025449;11;4;22;1935;1;2;1;1.0;2.0;19;., KEROURIEN (DE 1 A 25;M;4838320.0;-453596.0;290
201100025464;11;6;4;1900;1;2;3;1.0;3.0;19;., QUIMPER (154 ET 173 A;M;4839927.0;-444264.0;290
201100025467;11;6;11;1855;1;2;2;1.0;5.0;19;., SEBASTOPOL;M;4839807.0;-447234.0;290
201100025518;11;9;16;1145;1;2;2;1.0;6.0;19;., EUROPE (DE 161 A 199);M;4841315.0;-448854.0;290
201100025543;11;11;10;900;1;2;3;1.0;6.0;19;., FORBIN CLAUDE;M;4837966.0;-451947.0;290
201100025557;11;12;5;1705;1;2;2;2.0;6.0;19;., PASTEUR LOUIS (DE 1 A;M;4838924.0;-448890.0;290
201100025581;11;4;2;1950;1;2;1;1.0;3.0;39;135, LANRIEC ( RUE DE );M;4786933.0;-388452.0;290
201100025603;11;7;28;2035;1;2;3;1.0;3.0;39;NEUVE ( RUE);M;4789345.0;-390441.0;290
201100025607;11;8;20;1400;1;1;9;1.0;2.0;39;RD 783;M;4786913.0;-389520.0;290
201100025644;11;7;6;1445;1;2;1;1.0;3.0;151;SERUSIER (RUE PAUL);M;4858151.0;-382411.0;290
201100025710;11;1;26;1652;1;2;1;1.0;3.0;232;., POULGUINAN PONT DE;M;4798389.0;-411629.0;290
201100025726;11;2;22;2135;3;2;1;2.0;7.0;232;66 bis, ODET QUAI DE L';M;4799161.0;-411031.0;290
201100025748;11;4;15;1045;1;2;1;1.0;7.0;232;., AMIRAL RONARC'H RUE;M;4799510.0;-410812.0;290
201100025767;11;5;25;1805;1;1;6;1.0;3.0;51;., Lestonan avenue de;M;4801963.0;-402189.0;290
201100025772;11;6;5;1520;1;2;1;1.0;3.0;232;JACOB MAX PONT;M;4799350.0;-410591.0;290
201100025783;11;6;29;120;5;1;1;1.0;7.0;232;., CREAC' H GWEN BOULEVA;M;4797727.0;-410102.0;290
201100025813;11;9;15;1845;1;2;6;1.0;3.0;232;., CROIX DES GARDIENS  R;M;4801051.0;-409588.0;290
201100025817;11;9;23;1700;1;2;2;1.0;2.0;232;., CARTIER JACQUES RUE;M;4799535.0;-409886.0;290
201100025829;11;10;9;930;1;1;1;1.0;7.0;232;., COAT BILY CHEMIN DE;M;4802507.0;-408376.0;290
201100025884;11;1;17;1301;1;2;1;1.0;1.0;7;213, SERRE DU LEVREAU (C;M;4409984.0;407803.0;300
201100025899;11;2;2;805;1;2;1;1.0;7.0;7;., GOUBERT (AVE DOCTEUR;;;;300
201100025915;11;3;20;1059;1;2;1;1.0;2.0;7;., CHAPTAL ( QUAI MAX );;;;300
201100025981;11;8;20;15;5;2;1;1.0;1.0;7;FACE AU 50, CARNOT (AVE);M;4412148.0;409004.0;300
201100025989;11;9;8;1800;1;2;1;3.0;2.0;7;013MONTEE DES CYPRES;M;4410207.0;408054.0;300
201100026001;11;10;3;1515;1;2;1;1.0;1.0;7;01, ARAGO (RUE);M;4412765.0;407325.0;300
201100026010;11;3;30;1505;1;2;1;1.0;3.0;7;JUIN (AVE DU MARECHAL);M;4412935.0;410651.0;300
201100026020;11;2;9;1950;5;2;6;1.0;6.0;28;MALRAUX (ROND POINT);M;4415502.0;461657.0;300
201100026038;11;7;27;1340;1;1;1;1.0;3.0;28;580, ROUTE D'AVIGNON;;;;300
201100026045;11;9;30;1000;1;2;2;1.0;6.0;28;ANCYSE (AVENUE DEL');M;4416043.0;460914.0;300
201100026047;11;10;19;1805;1;2;3;1.0;6.0;28;AUBEPINES (RUE DES);M;4416636.0;461398.0;300
201100026058;11;1;10;1650;1;2;1;1.0;6.0;32;31, MARECHAL FOCH;M;4380964.0;463859.0;300
201100026101;11;2;15;820;1;2;1;1.0;2.0;189;000, GARCIA CRISTINO (RU;M;4349410.0;423050.0;300
201100026148;11;5;17;1235;1;2;1;1.0;6.0;189;21, GAMBETTA (BD);M;4384055.0;436034.0;300
201100026154;11;5;20;2041;1;2;3;1.0;3.0;189;LECLERC GENERAL (AVENUE);M;4382832.0;437325.0;300
201100026175;11;6;18;1900;1;2;2;1.0;3.0;189;CURIE PIERRE (RUE);M;4383645.0;437621.0;300
201100026209;11;8;22;750;1;1;6;1.0;3.0;189;Lt Col Pierre COLIN;M;4385715.0;440485.0;300
201100026263;11;10;18;1127;1;2;1;1.0;3.0;189;400, MARECHAL JUIN (BOUL;M;4382313.0;435158.0;300
201100026265;11;10;20;839;1;2;3;1.0;3.0;189;MENDES FRANCE (AV);M;4382505.0;437874.0;300
201100026266;11;10;21;1228;1;2;2;1.0;3.0;189;che MAS DE CHEYLON;M;4380526.0;433644.0;300
201100026311;11;12;17;8;3;1;1;2.0;2.0;189;ALES (ROUTE);M;4385458.0;432204.0;300
201100026336;11;4;9;1340;1;2;1;1.0;3.0;69;1, REVOLUTION FRANCAISE;;;;310
201100026340;11;3;26;1800;1;2;6;1.0;3.0;149;CALVET (BOULEVARD EMILE);M;4361284.0;133189.0;310
201100026345;11;6;8;559;2;2;1;1.0;2.0;149;CALVET (BOULEVARD EMILE);M;4361266.0;133260.0;310
201100026347;11;1;26;1625;1;2;1;1.0;3.0;483;CASTEX (PLACE DE L'AMIRA;;;;310
201100026360;11;4;2;1635;1;1;1;1.0;7.0;483;CAZAUX (ROUTE DE LA SERR;M;4312899.0;72416.0;310
201100026385;11;11;8;1120;1;2;6;1.0;3.0;344;VERDUN (RUE DE);M;4309306.0;74282.0;310
201100026423;11;1;18;800;1;2;1;1.0;3.0;555;AV DU MIRAIL;;;;310
201100026459;11;2;8;1550;1;2;1;1.0;3.0;555;., AV D ATLANTA;;;;310
201100026472;11;2;14;745;2;2;6;2.0;2.0;555;999, RUE ERNEST RENAN;;;;310
201100026477;11;2;16;1430;1;2;1;1.0;3.0;555;999, PL DES AVIONS;;;;310
201100026484;11;2;22;1705;1;2;1;3.0;3.0;555;999, AV HENRI GUILLAUMET;;;;310
201100026519;11;3;11;1545;1;2;3;1.0;3.0;555;45, RUE ROLAND GARROS;;;;310
201100026541;11;3;24;1715;1;2;2;1.0;3.0;555;999, CHE DE RIBAUTE;;;;310
201100026551;11;4;1;2000;5;2;1;1.0;6.0;555;60, BD DE SUISSE;;;;310
201100026576;11;4;16;200;5;2;1;1.0;3.0;555;70, BD MATABIAU;;;;310
201100026583;11;4;19;1805;1;2;1;1.0;2.0;555;29, BD PIERRE PAUL RIQUE;;;;310
201100026588;11;4;21;2116;5;2;1;1.0;1.0;555;., COURS DILLON;;;;310
201100026607;11;5;10;5;5;2;3;1.0;3.0;555;999, ALL XAVIER SARRADET;;;;310
201100026613;11;5;13;1640;1;2;2;1.0;3.0;555;999, BD LASCROSSES;;;;310
201100026629;11;5;23;815;1;2;1;1.0;3.0;555;RTE DE BLAGNAC;;;;310
201100026635;11;5;25;1940;1;2;1;1.0;6.0;555;999, BD DE MARENGO;;;;310
201100026656;11;6;17;1250;1;2;1;1.0;2.0;555;19, RTE DE REVEL;;;;310
201100026663;11;6;20;1900;1;2;3;1.0;3.0;555;999, CHE DE LESTANG;;;;310
201100026672;11;6;23;1115;1;2;1;1.0;3.0;555;999, ROND POINT JEROME P;;;;310
201100026716;11;7;10;1320;1;2;1;1.0;2.0;555;999, RTE DE SEYSSES;;;;310
201100026727;11;7;19;920;1;2;1;1.0;1.0;555;., PONT DES CATALANS;;;;310
201100026729;11;7;18;1440;1;2;1;1.0;3.0;149;CHAMPAGNE (ALLEE DE LA);M;4361841.0;132741.0;310
201100026730;11;7;20;530;5;2;3;1.0;3.0;555;999, RUE DE METZ;;;;310
201100026737;11;7;26;1810;1;2;1;1.0;3.0;555;., RTE DE SEYSSES;;;;310
201100026746;11;8;1;1840;1;2;3;1.0;3.0;555;999, BD LAZARE CARNOT;;;;310
201100026755;11;8;5;1425;1;2;1;1.0;3.0;149;DU CORPS-FRANC POMMIES;M;4361292.0;133826.0;310
201100026781;11;8;29;1605;1;2;1;1.0;6.0;555;999, CHE DE LA LOGE;;;;310
201100026800;11;9;6;2150;1;1;1;1.0;3.0;555;999, AV DES ARENES ROMAI;;;;310
201100026807;11;9;9;750;1;2;1;1.0;2.0;555;17, ALL CHARLES DE FITTE;;;;310
201100026822;11;9;16;2115;5;2;3;1.0;3.0;555;999, AV CRAMPEL;;;;310
201100026833;11;9;15;2010;5;2;3;1.0;3.0;555;999, RTE DE SEYSSES;;;;310
201100026836;11;9;22;805;5;2;1;1.0;3.0;555;36, BD LAZARE CARNOT;;;;310
201100026843;11;9;23;1710;1;2;1;1.0;3.0;555;13, RUE DE LA REPUBLIQUE;;;;310
201100026864;11;10;1;1800;1;2;1;1.0;2.0;555;999, AV DES ARENES ROMAI;;;;310
201100026873;11;10;3;1735;1;2;1;1.0;3.0;555;18bis, BD LASCROSSES;;;;310
201100026876;11;10;5;1840;1;2;1;1.0;3.0;557;999, LARRAMET (CH DE);;;;310
201100026877;11;10;8;1525;1;2;1;1.0;3.0;555;145, AV DES ARENES ROMAI;;;;310
201100026889;11;10;10;1350;1;2;3;1.0;3.0;149;CHAMPAGNE (ALLEE DE LA);M;4361702.0;133008.0;310
201100026894;11;10;17;1430;1;2;1;1.0;1.0;557;999, PETIT TRAIN (RUE DU;;;;310
201100026896;11;10;16;30;5;2;1;1.0;3.0;555;999, BD DES MINIMES;;;;310
201100026905;11;10;21;1715;1;2;1;1.0;3.0;555;53, BD DE SUISSE;;;;310
201100026968;11;11;29;1350;1;2;1;1.0;1.0;555;999, RUE DU FAUBOURG BON;;;;310
201100026974;11;12;1;2010;5;2;6;1.0;2.0;149;SALVETAT (CH DE LA);M;4360840.0;135300.0;310
201100026975;11;12;2;1215;1;2;1;1.0;3.0;69;GRENADE (ROUTE DE);M;4364013.0;138869.0;310
201100026976;11;12;3;1118;1;2;1;1.0;3.0;149;HUGO (BOULEVARD VICTOR);M;4361762.0;131594.0;310
201100026990;11;12;8;1825;5;2;1;1.0;6.0;555;999, AV ARTHUR HUC;;;;310
201100026995;11;12;7;1245;1;2;1;1.0;3.0;69;., BELISAIRE (CH DE);;;;310
201100026999;11;12;13;830;1;2;1;1.0;3.0;555;73, AV CRAMPEL;;;;310
201100027000;11;12;13;1015;1;2;1;1.0;3.0;555;999, AV DE RANGUEIL;;;;310
201100027022;11;12;16;1740;5;2;1;2.0;3.0;555;999, QU SAINT PIERRE;;;;310
201100027024;11;12;16;850;1;2;3;1.0;6.0;555;999, RUE BERTHE MONMART;;;;310
201100027034;11;12;21;1755;5;2;1;1.0;3.0;555;999, RPT DU DR GEORGES R;;;;310
201100027042;11;1;12;820;1;2;1;1.0;3.0;557;73, TARBES (ROUTE DE);;;;310
201100027050;11;5;1;1800;1;2;6;1.0;3.0;557;JAURES (AV JEAN);M;4358907.0;136040.0;310
201100027059;11;4;22;1220;1;2;3;1.0;7.0;13;DOCTEUR SAMALENS;;;;320
201100027081;11;2;1;950;1;2;2;1.0;3.0;529;53, DE GAULLE (AVE GAL);;;;330
201100027083;11;2;5;1105;1;2;2;1.0;3.0;529;17, CARNOT (RUE DU PRESI;;;;330
201100027095;11;5;15;1000;1;2;1;1.0;3.0;9;74, PLAGE (BD DE LA) DU;;;;330
201100027100;11;6;6;1225;1;2;1;2.0;3.0;529;LECLERC (AVE DU GAL) DU;;;;330
201100027110;11;6;28;840;1;2;1;1.0;2.0;529;., DE GAULLE (AVE CHARLE;;;;330
201100027111;11;6;30;1520;1;1;2;1.0;3.0;529;., OCEAN (BD DE L');;;;330
201100027124;11;8;22;1655;1;1;1;1.0;1.0;529;2, GAUME (Pl. Louis);;;;330
201100027131;11;8;27;1720;1;2;1;1.0;6.0;9;51, COTE D'ARGENT (BD) D;;;;330
201100027140;11;10;12;1515;1;2;1;1.0;6.0;529;., CAZAUX (BD DE);;;;330
201100027147;11;7;15;1745;1;1;1;1.0;6.0;529;., CANDALE (AVE FREDERIC;;;;330
201100027161;11;1;6;100;5;2;3;2.0;6.0;63;43, CRS VICTOR HUGO;;;;330
201100027165;11;1;3;810;2;2;3;1.0;3.0;281;ALL DES IRIS;;;;330
201100027181;11;1;10;1705;1;2;3;1.0;6.0;63;RUE ESPRIT-DES-LOIS;;;;330
201100027190;11;1;12;1201;1;2;1;2.0;6.0;318;AVE DE SAIGE;;;;330
201100027192;11;1;10;1550;1;2;1;1.0;6.0;69;10, RUE EMILE ZOLA;;;;330
201100027215;11;1;21;1215;1;2;2;1.0;3.0;63;RUE DU TONDU;;;;330
201100027217;11;1;21;1917;5;2;3;1.0;3.0;63;CRS VICTOR HUGO;;;;330
201100027219;11;1;24;755;1;2;6;1.0;3.0;63;RUE GASTON MARCHOU;;;;330
201100027226;11;1;27;1845;5;2;2;1.0;6.0;63;CRS PASTEUR;;;;330
201100027249;11;2;5;420;5;2;5;1.0;2.0;63;CRS DE LA MARNE;;;;330
201100027251;11;2;3;923;1;2;6;1.0;7.0;69;RUE FERDINAND BUISSON;;;;330
201100027258;11;2;4;815;1;2;6;1.0;3.0;318;AVE DE SAIGE;;;;330
201100027266;11;2;10;1900;5;2;2;1.0;3.0;63;115, QUAI DES CHARTRONS;;;;330
201100027269;11;2;9;1235;1;2;2;1.0;6.0;281;RUE RAOUL AMAT;;;;330
201100027282;11;2;16;1545;1;2;2;1.0;3.0;63;RUE PIERRE TREBOD;;;;330
201100027284;11;2;16;1315;1;2;1;1.0;6.0;63;22, CRS DE LA MARNE;;;;330
201100027299;11;2;24;1340;1;2;1;1.0;6.0;63;PCE DE LA VICTOIRE;;;;330
201100027307;11;2;21;855;1;2;5;1.0;3.0;192;AVE DE LA GRANDE LANDE;;;;330
201100027325;11;3;4;810;1;2;2;1.0;6.0;63;191, RUE CAMILLE GODARD;;;;330
201100027335;11;3;4;2110;5;2;3;1.0;3.0;192;24, RUE DE POUMEY;;;;330
201100027350;11;3;11;1635;1;2;1;1.0;6.0;63;7, CRS DU MEDOC;;;;330
201100027352;11;3;11;2340;5;2;2;1.0;3.0;63;RUE BRIZARD;;;;330
201100027357;11;3;11;705;2;2;2;1.0;6.0;192;RUE DU CHOUINEY;;;;330
201100027370;11;3;18;815;1;2;4;1.0;3.0;63;RUE GENESTA CAUD;;;;330
201100027374;11;3;18;855;1;2;4;7.0;3.0;63;RUE STEHELIN CAUD;;;;330
201100027390;11;3;24;1020;1;2;1;1.0;7.0;32;36, AVE JEAN JAURES;;;;330
201100027395;11;3;23;1945;5;2;6;1.0;3.0;318;AVE DE NOES;;;;330
201100027400;11;3;25;1930;5;2;1;1.0;6.0;63;40, CRS DE LA MARNE;;;;330
201100027402;11;3;24;1700;1;2;1;1.0;6.0;318;86, AVE LEON BLUM;;;;330
201100027407;11;3;29;1315;1;2;5;1.0;6.0;63;306, CRS DE LA SOMME;;;;330
201100027409;11;3;30;1030;1;2;2;1.0;3.0;63;PCE DES QUINCONCES;;;;330
201100027420;11;4;1;1945;1;2;3;1.0;6.0;63;AVE THIERS;;;;330
201100027433;11;4;4;835;1;2;1;1.0;6.0;281;254, AVE DE LA MARNE;;;;330
201100027451;11;4;7;902;1;2;6;1.0;3.0;192;AVE DE L'HIPPODROME;;;;330
201100027454;11;4;6;914;1;2;1;1.0;6.0;522;CRS DE LA LIBERATION;;;;330
201100027466;11;4;18;1630;1;2;1;1.0;3.0;63;AVE DE NONTRASTE;;;;330
201100027469;11;4;19;1900;1;2;4;1.0;3.0;63;PCE DES QUINCONCES;;;;330
201100027474;11;4;21;710;1;2;5;1.0;6.0;522;CRS GAMBETTA;;;;330
201100027488;11;4;19;1015;1;2;1;1.0;6.0;281;AVE DE MAGUDAS;;;;330
201100027489;11;4;21;1025;1;2;5;1.0;3.0;522;CRS GAMBETTA;;;;330
201100027500;11;4;29;1800;1;2;1;1.0;3.0;63;244, AVE THIERS;;;;330
201100027514;11;5;5;1617;1;2;1;1.0;7.0;63;67, AVE DE LA REPUBLIQUE;;;;330
201100027519;11;5;6;1720;1;2;2;1.0;3.0;63;CRS D'ALBRET;;;;330
201100027540;11;5;13;2130;5;2;1;1.0;6.0;63;24, RUE RAYMOND POINCARE;;;;330
201100027541;11;5;13;1830;1;2;2;1.0;3.0;63;RUE PEYRONNET;;;;330
201100027543;11;5;13;1130;1;2;5;1.0;3.0;63;PCE ANDRE MEUNIER DIT MU;;;;330
201100027547;11;5;16;1515;1;2;1;1.0;6.0;63;42, RUE RODRIGUES PEREIR;;;;330
201100027559;11;5;16;1200;1;2;1;1.0;6.0;318;86, AVE PASTEUR;;;;330
201100027566;11;5;19;1805;1;2;1;1.0;3.0;63;62, CRS DE VERDUN;;;;330
201100027569;11;5;19;2100;1;2;1;1.0;3.0;119;13, RUE CAMILLE PELLETAN;;;;330
201100027571;11;5;20;900;1;2;1;1.0;1.0;63;2 bis, RUE BELLUS MAREIL;;;;330
201100027576;11;5;16;1710;1;2;1;7.0;6.0;522;79, BD DU PDT FRANKLIN R;;;;330
201100027580;11;5;24;1705;1;2;1;1.0;3.0;63;67, RUE DES CARMES;;;;330
201100027583;11;5;24;1206;1;2;2;1.0;6.0;63;240, ALL DES PASTEURINES;;;;330
201100027588;11;5;29;2222;5;2;2;1.0;6.0;63;RUE DE SAGET;;;;330
201100027591;11;5;28;1245;1;2;2;1.0;6.0;63;PCE MARTYRS DE LA RESIST;;;;330
201100027608;11;5;30;850;1;2;3;1.0;3.0;318;AVE ROGER COHE;;;;330
201100027611;11;6;8;1215;1;2;1;2.0;2.0;63;QUAI DES CHARTRONS;;;;330
201100027620;11;6;9;1440;1;2;4;1.0;3.0;63;BD DU PRESIDENT WILSON;;;;330
201100027623;11;6;11;1520;1;2;1;1.0;3.0;63;90-94, BD DU PRESIDENT W;;;;330
201100027636;11;6;16;905;1;2;3;1.0;3.0;63;QUAI DE LA SOUYS;;;;330
201100027639;11;6;13;1445;1;2;4;3.0;3.0;522;RUE SALVADOR ALLENDE;;;;330
201100027649;11;6;17;1715;1;2;4;1.0;3.0;63;BD PIERRE 1ER;;;;330
201100027651;11;6;20;1730;1;2;2;1.0;3.0;63;CRS DE LA MARNE;;;;330
201100027652;11;6;20;1715;1;2;3;1.0;1.0;63;BD PIERRE 1ER;;;;330
201100027653;11;6;20;1215;1;2;5;1.0;3.0;63;160, BD DU PDT FRANKLIN;;;;330
201100027658;11;6;20;2035;1;2;1;1.0;3.0;119;42, CRS DE VERDUN;;;;330
201100027663;11;6;22;1250;2;2;1;1.0;6.0;63;194, CRS DE LA MARNE;;;;330
201100027684;11;6;21;1150;1;2;3;1.0;3.0;522;239, CRS MARECHAL GALLIE;;;;330
201100027691;11;7;4;1730;1;2;6;1.0;3.0;318;90, AVE ROBERT CLAVE;;;;330
201100027696;11;7;6;1220;1;2;3;1.0;3.0;63;RUE LAJARTE;;;;330
201100027699;11;7;6;750;1;2;2;1.0;3.0;63;BD MARECHAL LECLERC;;;;330
201100027703;11;7;1;810;1;2;6;1.0;3.0;75;AVE JEAN JAURES;;;;330
201100027715;11;7;8;720;1;2;3;1.0;1.0;63;BRETELLE SORTIE PONT ST;;;;330
201100027719;11;7;14;1000;1;2;7;1.0;3.0;63;1, ALL DE MUNICH;;;;330
201100027732;11;7;21;1910;1;2;2;1.0;3.0;63;RUE DU PALAIS GALLIEN;;;;330
201100027737;11;7;22;1210;1;2;1;1.0;6.0;63;CRS DE L'YSER;;;;330
201100027746;11;7;23;1751;1;2;6;1.0;3.0;522;CRS GAMBETTA;;;;330
201100027748;11;7;28;1145;1;2;3;1.0;3.0;63;CRS DU MARECHAL FOCH;;;;330
201100027755;11;7;28;1210;1;2;1;1.0;3.0;318;AVE PASTEUR;;;;330
201100027762;11;8;5;730;2;2;7;2.0;3.0;63;PONT DE PIERRE;;;;330
201100027783;11;8;19;1110;1;2;3;1.0;3.0;63;RUE JUDAIQUE;;;;330
201100027784;11;8;20;30;5;2;2;1.0;3.0;63;RUE DE TAUZIA;;;;330
201100027807;11;8;28;2005;1;2;3;1.0;3.0;281;ALL DES ACACIAS;;;;330
201100027811;11;8;31;1730;1;2;2;1.0;6.0;63;RUE DOC CHARLES NANCEL P;;;;330
201100027845;11;9;7;1810;1;2;3;2.0;3.0;318;MAIL PIERRE MENDES FRANC;;;;330
201100027849;11;9;13;1850;1;2;3;1.0;3.0;63;RUE JEAN RENAUD DANDICOL;;;;330
201100027852;11;9;7;1230;1;2;6;1.0;3.0;318;AVE DU DOCTEUR NANCEL PE;;;;330
201100027854;11;9;14;1745;1;2;4;1.0;3.0;63;AVE LOUIS BARTHOU CAUD;;;;330
201100027861;11;9;12;1635;1;2;1;1.0;3.0;39;40, AVE JEANNE D'ARC;;;;330
201100027862;11;9;13;1445;1;2;4;1.0;3.0;318;AVE PASTEUR;;;;330
201100027872;11;9;20;1120;1;2;3;2.0;3.0;63;CRS VICTOR HUGO;;;;330
201100027873;11;9;20;1450;1;2;1;1.0;3.0;63;351, BD DU PRESIDENT WIL;;;;330
201100027879;11;9;15;835;1;2;6;1.0;3.0;522;AVE DES ARTS ET METIERS;;;;330
201100027886;11;9;22;1845;1;2;3;1.0;3.0;63;00, CRS VICTOR HUGO;;;;330
201100027894;11;9;23;1015;1;2;5;1.0;3.0;63;CRS DE L'ARGONNE;;;;330
201100027899;11;9;26;910;1;2;5;1.0;3.0;63;RUE LE CHAPELIER;;;;330
201100027903;11;9;16;1740;1;2;3;1.0;3.0;522;68, RUE BOURGES;;;;330
201100027908;11;9;26;1415;1;2;4;1.0;3.0;39;RUE DES QUATRE CASTERA;;;;330
201100027909;11;9;27;1200;1;2;1;1.0;3.0;63;CRS DE L'YSER;;;;330
201100027910;11;9;29;1813;1;2;2;1.0;3.0;63;RUE CATROS;;;;330
201100027917;11;9;30;755;1;2;3;2.0;3.0;63;CRS DE LA SOMME;;;;330
201100027919;11;9;28;1545;1;2;1;1.0;2.0;281;AVE MAL DE LATTRE DE TAS;;;;330
201100027933;11;10;2;1620;1;2;1;1.0;1.0;318;RUE GUTENBERG;;;;330
201100027952;11;10;7;1350;1;2;1;1.0;3.0;318;AVE DU GENERAL LECLERC;;;;330
201100027965;11;10;12;1340;1;2;1;1.0;6.0;63;28, BD GEORGE V;;;;330
201100027966;11;10;13;1315;1;2;6;1.0;3.0;63;RDPT MICHEL LOUIS GARROS;;;;330
201100027972;11;10;14;1545;1;2;2;1.0;3.0;63;RUE DURANTEAU;;;;330
201100027975;11;10;11;825;1;2;3;1.0;3.0;39;200, CRS VICTOR HUGO;;;;330
201100027978;11;10;17;1450;1;2;1;1.0;3.0;63;50, CRS DE VERDUN;;;;330
201100027987;11;10;13;810;1;2;6;1.0;2.0;281;AVE MARCEL DASSAULT;;;;330
201100027995;11;10;13;1843;1;2;3;1.0;3.0;281;71, AVE DE LA MARNE;;;;330
201100027996;11;10;21;650;5;2;2;1.0;3.0;63;RUE MOUNEYRA;;;;330
201100027998;11;10;21;1020;1;2;3;1.0;3.0;63;RUE FONDAUDEGE;;;;330
201100028001;11;10;24;940;1;2;5;1.0;3.0;63;BD GEORGES POMPIDOU;;;;330
201100028017;11;10;20;920;1;2;6;1.0;3.0;281;AVE JEAN MACE;;;;330
201100028021;11;10;19;800;5;2;1;1.0;7.0;318;RUE ROBERT ESCARPIT;;;;330
201100028031;11;10;30;600;5;2;3;1.0;6.0;63;RUE DE PESSAC;;;;330
201100028047;11;10;30;1715;1;2;3;1.0;3.0;281;RUE CONCORDE;;;;330
201100028091;11;11;10;1650;1;2;1;1.0;3.0;192;9, RUE DES FONTAINES DE;;;;330
201100028095;11;11;17;750;2;2;2;5.0;3.0;281;RUE RIAUD;;;;330
201100028098;11;11;21;830;1;2;2;1.0;3.0;63;RUE PELLEPORT;;;;330
201100028104;11;11;22;1638;1;2;9;1.0;3.0;63;CRS D'ALSACE ET LORRAINE;;;;330
201100028106;11;11;18;1605;2;2;2;1.0;3.0;69;251, AVE DE LA LIBERATIO;;;;330
201100028108;11;11;17;1515;1;2;1;1.0;3.0;281;AVE DU MARECHAL LECLERC;;;;330
201100028121;11;11;24;1745;5;2;3;1.0;3.0;281;AVE MONTESQUIEU;;;;330
201100028123;11;11;28;1000;1;2;2;1.0;3.0;63;RUE DOCTEUR ALBERT BARRA;;;;330