Num_Acc;an;mois;jour;hrmn;lum;agg;int;atm;col;com;adr;gps;lat;long;dep
201100028138;11;11;30;1805;5;2;1;1.0;3.0;63;100, RUE DE LA CROIX BLA;;;;330
201100028144;11;11;23;1415;1;2;1;1.0;3.0;550;331, RTE DE TOULOUSE;;;;330
201100028164;11;12;1;750;2;2;6;1.0;3.0;318;AVE JEAN BABIN;;;;330
201100028176;11;12;8;2150;5;2;4;8.0;3.0;63;RUE JUDAIQUE;;;;330
201100028180;11;12;11;530;5;2;1;1.0;7.0;63;3, PCE DE STALINGRAD;;;;330
201100028197;11;12;14;210;5;2;2;2.0;6.0;39;BD ALBERT 1ER;;;;330
201100028208;11;12;16;2130;5;2;5;3.0;3.0;63;RUE ESPRIT-DES-LOIS;;;;330
201100028212;11;12;19;2115;5;2;2;1.0;3.0;63;CRS DE LA SOMME;;;;330
201100028230;11;12;22;1245;1;2;6;1.0;3.0;522;CRS DE LA LIBERATION;;;;330
201100028233;11;12;26;1500;1;2;1;1.0;3.0;119;AVE RENE CASSAGNE;;;;330
201100028242;11;8;6;1600;1;2;7;2.0;3.0;243;LATTRE DE TASSIGNY(PLACE;;;;330
201100028251;11;6;9;1205;1;2;1;1.0;6.0;3;4, NOTRE DAME A ST. MART;M;4329212.0;345928.0;340
201100028265;11;10;4;835;1;2;1;1.0;2.0;3;GENTILSHOMMES (H16 A L17;;;;340
201100028274;11;12;15;1040;1;2;6;1.0;3.0;3;aucun, SOLEIL (G15 A J18;;;;340
201100028280;11;1;13;1840;2;2;1;1.0;7.0;32;NOGUERES HENRI (RD POINT;M;4335243.0;322456.0;340
201100028294;11;2;19;1750;1;2;1;1.0;6.0;32;PECH HENRI (AV);M;4335311.0;322457.0;340
201100028331;11;5;15;2110;2;2;1;9.0;6.0;32;NR, FRANCO JEAN (RUE);;;;340
201100028351;11;7;5;2010;1;2;1;1.0;6.0;336;CANAL (QUAI DU);M;4331814.0;327839.0;340
201100028353;11;7;12;910;1;2;1;1.0;6.0;32;RD.64;M;4331164.0;328044.0;340
201100028369;11;8;27;1930;1;1;3;1.0;3.0;32;NR, VOIE COMMUNALE NR.9;;;;340
201100028447;11;1;25;1800;5;2;2;1.0;3.0;172;56, RENOUVIER (BOULEVARD;M;4360164.0;386816.0;340
201100028453;11;1;30;1845;5;2;2;1.0;3.0;172;SORBES (RUE DE LAS;M;4361685.0;386071.0;340
201100028463;11;2;4;855;1;2;1;1.0;6.0;172;0, LIBERTE (AVENUE DE LA;M;4360696.0;383787.0;340
201100028484;11;2;15;800;1;2;1;1.0;4.0;172;AEROPORT INTERNATIONAL (;M;4360881.0;389428.0;340
201100028496;11;2;22;1820;5;2;1;1.0;7.0;172;00, CATALPAS (RUE DES);M;4359112.0;388334.0;340
201100028504;11;2;26;1055;1;2;1;1.0;3.0;129;SORIECH (ROND POINT DE);M;4358174.0;392102.0;340
201100028524;11;3;8;2050;5;2;2;1.0;7.0;172;SANS, DUNANT (RUE HENRI);M;4362694.0;386967.0;340
201100028561;11;4;1;1745;1;2;1;1.0;3.0;172;78, STRASBOURG (BOULEVAR;M;4360345.0;389243.0;340
201100028565;11;4;3;1035;1;2;3;1.0;3.0;172;1114, POMPIGNANE (AVENUE;M;4361588.0;389755.0;340
201100028566;11;4;4;1530;1;2;1;1.0;6.0;172;sans, LEROY-BEAULIEU (PL;M;4360933.0;386682.0;340
201100028569;11;4;6;915;1;2;1;1.0;3.0;172;sans, ANTIGONE (BOULEVAR;M;4360900.0;388947.0;340
201100028570;11;4;6;1840;1;2;9;1.0;3.0;172;MARTIN (PLACE EMILE);M;4362647.0;386640.0;340
201100028572;11;4;9;415;5;2;3;1.0;7.0;172;185, KING (RUE MARTIN LU;M;4360263.0;384744.0;340
201100028574;11;4;11;1745;1;2;1;1.0;6.0;172;866, RAVAZ (AVENUE DU PR;M;4362175.0;384715.0;340
201100028576;11;4;13;920;1;2;1;1.0;3.0;172;31, ARCEAUX (BOULEVARD D;M;4361145.0;386420.0;340
201100028582;11;4;15;915;1;2;1;1.0;6.0;172;147, PARGUEL (AVENUE ABB;M;4363340.0;386019.0;340
201100028597;11;4;21;805;1;2;1;1.0;6.0;172;264, MOULARES (CHEMIN DE;M;4360328.0;389373.0;340
201100028618;11;5;4;1530;1;2;1;1.0;3.0;129;sans, SORIECH (CHEMIN DE;M;4358519.0;392046.0;340
201100028621;11;5;6;1010;1;2;9;1.0;6.0;172;35, GAULLE (ESPLANADE CH;M;4361085.0;388085.0;340
201100028637;11;5;17;835;1;2;1;1.0;3.0;172;0, SPARTE (PLACE DE);M;4360850.0;389050.0;340
201100028652;11;5;23;1810;1;2;3;1.0;3.0;172;sans, PARGUEL (AVENUE AB;M;4363768.0;385968.0;340
201100028654;11;5;24;1845;1;2;2;1.0;1.0;172;RECH (RUE HIPPOLYTE);M;4361884.0;386358.0;340
201100028655;11;5;25;1105;1;2;1;1.0;6.0;172;face 29, GRAND SAINT JEA;M;4360419.0;387827.0;340
201100028662;11;5;30;1915;1;2;1;1.0;6.0;172;14, JEU DE PAUME (BOULEV;M;4360803.0;387360.0;340
201100028669;11;6;10;1535;1;2;1;1.0;3.0;172;SANS, PLATON (ALLEE DE);M;4360656.0;389835.0;340
201100028679;11;6;15;1640;1;2;1;1.0;6.0;172;MONDIAL 98 (AVENUE DU);M;4360343.0;390631.0;340
201100028707;11;6;29;825;1;2;1;1.0;3.0;172;ASTRE (ROND POINT DU MAS;M;4357496.0;385993.0;340
201100028713;11;6;30;1300;1;2;2;1.0;3.0;172;GRASSET (AVENUE DU PROFE;;;;340
201100028717;11;7;1;1750;1;2;2;1.0;7.0;172;0, MOULARES (CHEMIN DE;M;4359925.0;389384.0;340
201100028729;11;7;7;1430;1;2;1;1.0;1.0;172;sans, TRISTAN (QUAI FLOR;M;4359786.0;384169.0;340
201100028761;11;7;21;2000;1;2;1;1.0;3.0;172;sans, MONDIAL 98 (AVENUE;M;4360220.0;390198.0;340
201100028775;11;7;31;755;1;2;1;1.0;1.0;172;111, FAUBOURG FIGUEROLLE;M;4360528.0;386035.0;340
201100028808;11;8;16;1938;1;2;3;1.0;3.0;172;AQUEDUC (ALLEE DE L');M;4361625.0;384107.0;340
201100028813;11;8;19;2018;1;2;1;1.0;3.0;172;00, ODYSSEUM (PLACE);;;;340
201100028836;11;9;2;325;5;2;1;1.0;2.0;172;SANS, LIBERTE (AVENUE DE;M;4359942.0;387112.0;340
201100028860;11;9;15;1545;1;2;3;1.0;1.0;172;sans, SAINT LAZARE (AVEN;M;4361773.0;388587.0;340
201100028869;11;9;20;35;5;2;1;1.0;2.0;172;239, SOULAS (AVENUE DU P;M;4361838.0;386465.0;340
201100028871;11;9;21;755;1;2;1;1.0;1.0;172;sans, ALBERT 1ER (PLACE);M;4361590.0;387460.0;340
201100028873;11;9;21;2015;4;2;1;1.0;1.0;172;1, ROC DE PEZENAS (RUE D;M;4360312.0;385480.0;340
201100028886;11;9;28;1715;1;2;3;1.0;3.0;172;8, CROIX CAPITAINE (AVEN;M;4360383.0;385927.0;340
201100028887;11;9;29;1135;1;2;1;1.0;1.0;172;230, ARNEL (RUE DE L');M;4359025.0;386802.0;340
201100028888;11;9;29;1435;1;2;1;1.0;3.0;172;00, VALLOIS (RUE PROFESS;M;4361405.0;388682.0;340
201100028904;11;10;9;1730;1;2;3;1.0;3.0;172;SAINT CLEOPHAS (RUE);M;4360033.0;386772.0;340
201100028951;11;11;4;1840;5;2;4;3.0;3.0;172;0, VALLOIS (RUE PROFESSE;M;4336882.0;353007.0;340
201100028960;11;11;15;855;1;2;1;1.0;6.0;172;sans, MENDE (ROUTE DE);M;4362348.0;387206.0;340
201100028966;11;11;18;1405;1;2;1;1.0;2.0;172;sans, MARCHE GARE (AVENU;M;4358574.0;387665.0;340
201100028988;11;11;28;2000;5;2;1;1.0;3.0;172;215, PARGUEL (AVENUE ABB;M;4363400.0;386003.0;340
201100028993;11;11;30;1205;1;2;1;1.0;7.0;172;00, NOUVEAU MONDE (ALLEE;;;;340
201100029009;11;12;9;1500;1;2;1;1.0;6.0;172;NERUDA (AVENUE PABLO);M;4361589.0;382056.0;340
201100029022;11;12;15;1705;2;2;1;1.0;3.0;172;541, POMPIGNANE (AVENUE;M;4361077.0;389866.0;340
201100029054;11;3;30;1835;1;1;6;1.0;3.0;108;aucun, 81ème R.I. (RUE D;M;4343775.0;376047.0;340
201100029073;11;8;31;1710;1;1;1;1.0;3.0;108;aucun, R129;;;;340
201100029075;11;9;12;1500;1;2;1;1.0;6.0;108;AUCUN, PORT (ROND POIN D;M;4341685.0;372424.0;340
201100029099;11;3;13;1145;1;2;6;3.0;3.0;115;0, VERRERIE (AVENUE DE L;M;4836592.0;-118565.0;350
201100029104;11;5;18;2110;1;2;1;1.0;2.0;115;46, PASTEUR (RUE);M;4835034.0;-119712.0;350
201100029142;11;1;17;1620;1;2;2;1.0;6.0;238;ISLY/PL?LO;M;4810640.0;-167777.0;350
201100029143;11;1;17;1835;5;2;1;1.0;3.0;238;85 BOULEVARD MAREUIL;M;4810060.0;-164978.0;350
201100029146;11;1;21;312;5;2;1;1.0;3.0;238;88 BIS RUE DE PARIS;M;4811430.0;-165847.0;350
201100029157;11;1;29;1300;1;2;6;1.0;3.0;238;P.LANGEVIN/O.LEROUX;M;4809140.0;-165842.0;350
201100029168;11;2;9;1410;1;2;2;1.0;6.0;238;W.CHURCHILL/BOURBONNAIS;M;4812030.0;-170841.0;350
201100029169;11;2;10;1410;1;2;1;1.0;7.0;238;00, CHURCHILL (AVENUE SI;;;;350
201100029175;11;2;14;820;1;2;2;1.0;3.0;281;00, MARIN (RUE JEAN);;;;350
201100029186;11;2;22;1800;1;2;4;2.0;3.0;238;TOURAUDAIS/A.BECQUEREL;M;4812010.0;-163143.0;350
201100029191;11;2;25;825;2;2;2;2.0;3.0;238;J.CARTIER/ALMA;M;4809740.0;-167515.0;350
201100029192;11;2;25;1840;5;2;3;1.0;3.0;238;BEAULIEU/Y.MILON;M;4811770.0;-163447.0;350
201100029201;11;3;10;1030;1;2;6;1.0;3.0;238;HAUTES OURMES/VERN;M;4808750.0;-164492.0;350
201100029218;11;3;25;1920;5;2;1;1.0;3.0;238;25 RUE DE CH?TILLON;M;4810120.0;-167265.0;350
201100029219;11;3;29;1220;1;2;2;1.0;3.0;238;MISSION/DUGUAY TROUIN;M;4811010.0;-168460.0;350
201100029224;11;4;1;1640;1;2;2;1.0;3.0;238;ALBERT 1ER/BELGIQUE;M;4808970.0;-168563.0;350
201100029230;11;4;5;1710;1;2;1;1.0;6.0;238;8 PLACE DU LANDREL;M;4809020.0;-165235.0;350
201100029232;11;4;6;915;1;2;3;1.0;3.0;238;ALMA/GURVAND;M;4810380.0;-167711.0;350
201100029235;11;4;8;1950;1;2;2;1.0;3.0;238;PR? BOTT?/NEMOURS;M;4810940.0;-168018.0;350
201100029236;11;4;9;850;1;2;3;1.0;3.0;238;CH?TEAUBRIAND/ST GERMAIN;M;4811020.0;-167641.0;350
201100029237;11;4;9;1510;1;2;1;1.0;6.0;238;RUE MARTENOT;M;4811250.0;-167342.0;350
201100029239;11;4;9;1955;1;2;3;1.0;3.0;238;ST J.B. SALLE/W.CHURCHIL;M;4811630.0;-170801.0;350
201100029247;11;4;12;1900;1;2;1;1.0;3.0;238;54 COURS PR?SIDENT KENNE;M;4812140.0;-171279.0;350
201100029256;11;4;19;1320;1;2;1;1.0;6.0;238;5 QUAI LAMARTINE;M;4811020.0;-167958.0;350
201100029270;11;4;28;825;1;2;3;1.0;3.0;238;ALMA/GURVAND;M;4810380.0;-167711.0;350
201100029274;11;5;3;745;1;2;3;2.0;3.0;238;W.CHURCHILL/LYONNAIS;M;4812360.0;-170911.0;350
201100029275;11;5;4;830;1;2;2;1.0;3.0;238;SAINT H?LIER/L.ARMAND;M;4810350.0;-166269.0;350
201100029278;11;5;5;2210;5;2;3;1.0;3.0;238;LIBERT?/MAGENTA;M;4810740.0;-167455.0;350
201100029279;11;5;7;1220;1;2;1;1.0;3.0;238;31 RUE DE REDON;M;4810510.0;-169183.0;350
201100029283;11;5;8;1938;1;2;1;1.0;7.0;281;00, TEMPLE DU CERISIER;;;;350
201100029291;11;5;12;1500;1;2;2;1.0;3.0;238;SU?DE/H.FR?VILLE;M;4808670.0;-167499.0;350
201100029303;11;5;17;615;5;2;6;1.0;3.0;238;PAYS BAS/O.LEROUX;M;4809140.0;-165842.0;350
201100029304;11;5;17;802;1;2;1;1.0;6.0;238;RUE C.BERNARD;M;4810080.0;-169450.0;350
201100029306;11;5;18;2000;1;2;2;1.0;6.0;238;LORIENT/MOULIN DU COMTE;M;4810890.0;-171022.0;350
201100029309;11;5;21;1720;1;2;2;1.0;3.0;238;L.VOLCLAIR/ANDORRE;M;4808840.0;-166918.0;350
201100029318;11;5;26;1715;1;2;1;8.0;3.0;238;AVENUE W.CHURCHILL;M;4811710.0;-170799.0;350
201100029324;11;6;1;1610;1;2;3;1.0;3.0;238;METZ/Z.ROUSSIN;M;4811880.0;-166037.0;350
201100029326;11;6;1;1730;1;2;1;1.0;3.0;55;00, HALLOUVRY (RUE D');;;;350
201100029333;11;6;10;1200;1;2;6;1.0;2.0;55;00, BONNIN ANDRE (AVENUE;;;;350
201100029343;11;6;21;142;5;2;1;8.0;6.0;238;12 QUAI E.ZOLA;M;4810980.0;-167617.0;350
201100029345;11;6;22;1935;1;2;1;1.0;3.0;238;2 ALL?E DE LUCERNE;M;4808610.0;-166382.0;350
201100029347;11;6;23;1710;1;2;3;1.0;3.0;238;J.M.HUCHET/CHARDONNET;M;4810810.0;-163691.0;350
201100029354;11;6;27;1315;1;2;5;1.0;3.0;238;PORTE DE CLEUNAY;M;4810270.0;-171440.0;350
201100029357;11;6;28;1535;1;2;3;8.0;3.0;238;GRIGNAN/S?VIGN?;M;4811630.0;-167102.0;350
201100029358;11;6;28;1725;1;2;1;1.0;3.0;281;08, BLUM (MAIL LEON);;;;350
201100029359;11;6;29;320;5;2;1;1.0;2.0;238;62 BD DE LA T.D'AUVERGNE;M;4810310.0;-168434.0;350
201100029360;11;6;29;1300;1;2;2;1.0;3.0;238;G.POMPIDOU/BUF?RON;M;4810000.0;-168662.0;350
201100029371;11;7;5;830;1;2;6;1.0;3.0;238;F.DE LESSEPS/C.DE CIC?;M;4810180.0;-170729.0;350
201100029377;11;7;9;2341;5;2;1;1.0;7.0;238;72 RUE A.DUVAL;M;4810450.0;-169823.0;350
201100029383;11;7;14;440;5;2;3;1.0;6.0;238;COCHARDI?RE/SAINT MARTIN;M;4811880.0;-167736.0;350
201100029394;11;7;25;1755;1;2;2;1.0;3.0;238;VERN/L.BOURGEOIS;M;4809810.0;-165565.0;350
201100029399;11;8;1;515;5;2;1;1.0;7.0;278;00, BELLE EPINE (BD DE L;M;4815167.0;-169544.0;350
201100029400;11;8;1;835;1;2;3;1.0;3.0;238;DINAN/L.D'OR;M;4811310.0;-168550.0;350
201100029401;11;8;1;2010;1;2;1;1.0;7.0;238;RUE DE NANTES;M;4808530.0;-169571.0;350
201100029404;11;8;5;845;1;2;4;2.0;3.0;238;V.MAREUIL/M DE JONN?S;M;4810930.0;-165506.0;350
201100029411;11;8;10;1750;1;2;1;1.0;6.0;238;236 RUE DE CH?TEAUGIRON;M;4809490.0;-163698.0;350
201100029415;11;8;15;2124;5;2;2;1.0;7.0;238;SAINT-H?LIER/L.ARMAND;M;4810350.0;-166269.0;350
201100029420;11;8;22;1415;1;2;1;1.0;6.0;238;RUE SAINT-H?LIER (PONT);M;4810440.0;-166408.0;350
201100029434;11;9;2;1325;1;2;2;1.0;3.0;238;BREST/ILLE ET RANCE;M;4811230.0;-168725.0;350
201100029435;11;9;2;1515;1;2;1;1.0;3.0;238;10 AVENUE DES PAYS BAS;M;4808590.0;-166101.0;350
201100029446;11;9;12;1830;1;2;2;1.0;6.0;238;E.ZOLA/MAL JOFFRE;M;4810980.0;-167785.0;350
201100029460;11;9;21;815;1;2;1;1.0;3.0;238;37 RUE A.GU?RIN;M;4810900.0;-166148.0;350
201100029461;11;9;21;1725;1;2;6;1.0;3.0;238;MOU?ZY/VILLEBOIS MAREUIL;M;4810400.0;-165003.0;350
201100029463;11;9;22;720;1;2;5;1.0;3.0;238;SAINT H?LIER/LA?NNEC;M;4810570.0;-166601.0;350
201100029467;11;9;23;1832;1;2;5;7.0;3.0;238;GUINES/G.POMPIDOU;M;4810180.0;-168433.0;350
201100029470;11;9;26;1325;1;2;6;1.0;3.0;238;ALBERT 1ER/F.F.ONU;M;4808960.0;-168271.0;350
201100029474;11;9;29;2335;5;2;1;1.0;7.0;281;00, MERMOZ (BOULEVARD JE;;;;350
201100029479;11;9;30;1845;1;2;3;1.0;3.0;238;LORIENT/L.BERTHAULT;M;4810650.0;-173074.0;350
201100029488;11;10;5;800;1;2;2;1.0;3.0;238;DUJARDIN/PASTEUR;M;4811020.0;-167414.0;350
201100029489;11;10;5;1425;1;2;6;1.0;3.0;238;POTERIE/P.H.DESGR?ES;M;4809290.0;-164007.0;350
201100029500;11;10;19;1350;1;2;3;1.0;5.0;238;DANTON/CDT ANJOT;M;4811830.0;-165357.0;350
201100029504;11;10;20;1750;1;2;1;1.0;2.0;238;100 MAIL F.MITTERRAND;M;4810850.0;-169623.0;350
201100029506;11;10;20;2025;5;2;1;1.0;3.0;238;246 RUE DE SAINT-MALO;M;4812650.0;-168613.0;350
201100029508;11;10;21;2215;5;2;1;1.0;6.0;238;45 RUE DE SAINT-MALO;M;4811760.0;-168083.0;350
201100029509;11;10;22;250;4;2;1;1.0;6.0;281;00, TEMPLE-DE-BLOSNE (RU;;;;350
201100029512;11;10;23;1215;1;2;3;1.0;3.0;238;SAINT-H?LIER/VERGER;M;4810610.0;-166727.0;350
201100029515;11;10;25;920;1;2;6;2.0;3.0;238;C.FOULON/P.DONZELOT;M;4812230.0;-163872.0;350
201100029516;11;10;26;1800;1;2;5;1.0;5.0;238;CARREFOUR NITSCH;M;4810180.0;-168433.0;350
201100029518;11;10;29;1825;1;2;1;1.0;7.0;238;PLACE DE LA R?PUBLIQUE;M;4810980.0;-167984.0;350
201100029541;11;11;20;740;1;2;1;1.0;7.0;238;BOULEVARD DE CH?ZY;M;4811510.0;-168727.0;350
201100029542;11;11;22;850;1;2;3;7.0;3.0;238;VERN/LE DANTEC;M;4809650.0;-165272.0;350
201100029544;11;11;22;1715;1;2;6;1.0;3.0;238;LECLERC/F.CH?TEAU;M;4811390.0;-164089.0;350
201100029547;11;11;25;1010;1;2;2;1.0;3.0;238;ROUMANIE/YOUGOSLAVIE;M;4808760.0;-165384.0;350
201100029573;11;12;9;740;5;2;3;2.0;3.0;238;00, JONNES (MOREAU DE);;;;350
201100029574;11;12;9;1730;5;2;1;2.0;3.0;238;RUE L ET R.MOINE;M;4809260.0;-168190.0;350
201100029581;11;12;13;1108;1;1;6;1.0;3.0;278;00, MONTGERMONT (ROND PO;;;;350
201100029588;11;12;16;321;5;2;1;6.0;7.0;238;52 RUE DE SAINT-MALO;M;4811680.0;-168085.0;350
201100029593;11;12;18;1335;1;2;3;1.0;3.0;55;00, BONNIN ANDRE (AVENUE;;;;350
201100029604;11;12;29;1210;1;2;6;8.0;3.0;238;00, VEZIN (ROUTE DE);;;;350
201100029614;11;3;11;1150;1;1;9;1.0;3.0;241;;M;4861319.0;-205261.0;350
201100029620;11;5;5;1420;1;2;3;1.0;3.0;288;000, MOKA (AVENUE DE);;;;350
201100029621;11;5;21;1433;1;2;3;1.0;6.0;288;0, DORIS (RUE DU);;;;350
201100029626;11;7;28;331;5;1;2;1.0;3.0;241;00000000, MARE LA (ZONE;;;;350
201100029630;11;9;11;1816;1;2;3;1.0;7.0;288;1, PASTEUR (AVENUE);;;;350
201100029710;11;4;11;738;1;2;3;1.0;3.0;44;12 MONTAIGNE/1 RUE LOTI;M;4679940.0;170409.0;360
201100029711;11;4;11;945;1;2;1;1.0;7.0;44;33 RUE MONTAIGNE;M;4680400.0;169935.0;360
201100029717;11;5;3;1200;1;2;1;1.0;7.0;159;44 RTE DU PETIT EPOT;M;4676250.0;170269.0;360
201100029721;11;5;9;1818;1;1;1;1.0;2.0;159;1 ROUTE DE VARENNES;;;;360
201100029731;11;6;15;1156;1;2;1;1.0;3.0;44;RUE MONTAIGNE;M;4679850.0;170482.0;360
201100029738;11;7;6;525;5;2;1;1.0;7.0;44;12 AV DE LATTRE DE TASSI;M;4679860.0;171931.0;360
201100029740;11;7;11;2250;5;2;1;1.0;3.0;44;RUE EUGENE DELACROIX;M;4680320.0;170646.0;360
201100029747;11;8;13;1450;1;2;1;1.0;1.0;202;66 AVENUE D'OCCITANIE;M;4678680.0;165810.0;360
201100029750;11;8;25;1715;1;2;1;1.0;3.0;44;33 PLACE ST CHRISTOPHE;M;4681720.0;168406.0;360
201100029764;11;9;23;1036;1;2;1;1.0;3.0;63;15 ROUTE D'ISSOUDUN;M;4682610.0;170243.0;360
201100029767;11;10;11;1110;1;1;1;1.0;6.0;44;ROUTE DE VELLE;M;4678630.0;169060.0;360
201100029772;11;11;4;754;2;2;6;1.0;2.0;44;RUE CHARDELIEVRE/AMPERE;M;4681300.0;172028.0;360
201100029784;11;12;5;840;1;2;1;1.0;3.0;44;39 ALBERT CAMUS;M;4680010.0;171309.0;360
201100029796;11;12;15;1348;1;2;1;1.0;7.0;44;12 RUE F MAILLAUD;M;4680210.0;170872.0;360
201100029804;11;1;3;920;1;2;2;1.0;3.0;261;., NATIONALE (RUE);M;4739070.0;68859.0;370
201100029820;11;1;3;930;1;2;2;1.0;3.0;261;RENAULT (RUE DU GAL);M;4737980.0;67415.0;370
201100029828;11;3;27;305;5;2;1;8.0;7.0;261;24, JERUSALEM (RUE DE);;;;370
201100029842;11;7;14;2300;5;2;1;1.0;6.0;261;NAPOLEON (PONT);M;4739550.0;67744.0;370
201100029849;11;2;17;1335;1;2;6;1.0;3.0;261;POMPIDOU (AVENUE GEORGES;M;4739470.0;70432.0;370
201100029851;11;2;22;2040;5;2;2;1.0;1.0;261;, CHEVALERIE (RUE DE LA);;;;370
201100029868;11;2;15;755;2;2;3;2.0;3.0;261;., VIGNON (RUE CLAUDE);M;4739100.0;67976.0;370
201100029877;11;3;16;825;1;2;3;1.0;3.0;261;GRAMMONT (AVENUE DE);M;4738820.0;68943.0;370
201100029886;11;1;11;631;5;2;1;2.0;7.0;261;STENDHAL (AVENUE);M;4736780.0;70393.0;370
201100029895;11;3;24;837;1;2;6;1.0;3.0;261;ROTONDE (ROND-POINT DE L;;;;370
201100029904;11;1;7;1026;1;2;1;2.0;6.0;261;VAILLANT (RUE EDOUARD);M;4738320.0;70262.0;370
201100029914;11;3;29;800;1;2;3;1.0;3.0;261;., MOINEAUX (RUE JULES);;;;370
201100029915;11;3;29;910;1;2;3;1.0;3.0;261;., DE GAULLE (AVENUE DU;M;4738100.0;70652.0;370
201100029917;11;4;8;1715;1;2;1;1.0;3.0;261;., VICTOIRE (RUE DE LA);M;4739400.0;67826.0;370
201100029919;11;4;14;1635;1;2;2;1.0;3.0;233;., DUCLOS (AVENUE JACQUE;M;4737980.0;72669.0;370
201100029921;11;4;21;535;5;2;2;1.0;3.0;261;., BOISDENIER (RUE DE);M;4738380.0;67206.0;370
201100029923;11;4;22;1200;1;2;1;1.0;3.0;261;, RENAULT (RUE DU GAL);M;4737980.0;66936.0;370
201100029929;11;3;17;1108;1;2;1;1.0;7.0;261;MIRABEAU (PONT);M;4739930.0;70009.0;370
201100029930;11;1;19;805;2;2;2;1.0;3.0;261;HEURTELOUP (BOULEVARD);M;4739100.0;69356.0;370
201100029935;11;1;27;845;1;2;6;1.0;6.0;261;BORDIERS (RUE DES);M;4743050.0;67296.0;370
201100029936;11;4;29;1320;1;2;1;1.0;7.0;261;CHURCHILL (BOULEVARD WIN;M;4737430.0;70455.0;370
201100029942;11;5;25;915;1;2;2;1.0;3.0;261;HOSPITALITE (RUE DE L');M;4738800.0;67161.0;370
201100029950;11;6;29;1350;1;2;2;1.0;2.0;261;ENTRAIGUES (RUE D');M;4738820.0;68751.0;370
201100029951;11;6;29;1540;1;2;1;1.0;3.0;122;LAC (AVENUE DU);M;4735200.0;63871.0;370
201100029952;11;7;4;2010;1;2;1;1.0;2.0;195;PETIT PLESSIS (RUE DU);M;4738150.0;65179.0;370
201100029990;11;7;27;1035;1;2;1;1.0;3.0;261;., JAURES (PLACE JEAN);M;4738980.0;68874.0;370
201100029991;11;8;2;920;1;2;3;2.0;6.0;261;QUAI ANDRE MALRAUX PONT;M;4739750.0;69438.0;370
201100030001;11;9;22;1755;1;2;3;1.0;3.0;214;., ENGERAND (RUE ROLAND);M;4741010.0;66962.0;370
201100030008;11;5;5;958;1;2;2;1.0;3.0;261;MOZART (AVENUE);M;4736590.0;70826.0;370
201100030017;11;6;20;1803;1;2;1;1.0;3.0;261;PORTILLON (QUAI DE);M;4739950.0;67489.0;370
201100030019;11;6;28;1145;1;2;2;1.0;3.0;233;CACHIN (RUE MARCEL);M;4739720.0;74167.0;370
201100030020;11;6;27;1837;1;2;1;1.0;7.0;261;PLAT D'ETAIN (RUE DU);M;4738420.0;67447.0;370
201100030022;11;6;29;920;1;2;1;1.0;6.0;261;47, BOYER (RUE LEON);M;4738910.0;67509.0;370
201100030023;11;7;9;1345;1;2;1;1.0;7.0;261;NATIONALE (RUE);M;4739070.0;68834.0;370
201100030028;11;8;22;814;1;2;3;1.0;3.0;261;GRAMMONT (AVENUE DE);M;4737870.0;69330.0;370
201100030041;11;10;21;805;1;2;6;1.0;3.0;122;CHINON (BOULEVARD DE);M;4735010.0;67525.0;370
201100030048;11;4;28;1800;1;2;1;1.0;3.0;261;TRANCHEE (83  AV DE LA);M;4740330.0;68347.0;370
201100030053;11;7;22;1207;1;1;1;1.0;6.0;261;JAURES (PLACE JEAN);M;4739020.0;68872.0;370
201100030059;11;9;14;1710;1;2;1;1.0;6.0;261;89, GRAMMONT (AVENUE DE);M;4737590.0;69441.0;370
201100030064;11;9;27;1736;1;2;1;1.0;7.0;261;PONT VOLANT (RUE DU);M;4740900.0;70386.0;370
201100030079;11;10;31;2100;5;2;6;1.0;3.0;261;VICTOIRE (RUE DE LA);M;4739540.0;67758.0;370
201100030091;11;9;30;810;1;2;3;1.0;3.0;122;BORDEAUX (AVENUE DE);;;;370
201100030092;11;9;30;925;1;2;6;1.0;3.0;208;LAC (AVENUE DU);M;4736600.0;71740.0;370
201100030095;11;10;4;1620;1;2;6;1.0;3.0;261;VERDUN (CARREFOUR DE);M;4737370.0;69511.0;370
201100030099;11;10;10;1740;1;2;1;1.0;3.0;261;CHEVALLIER (RUE AUGUS;M;4737400.0;67849.0;370
201100030101;11;10;19;815;2;2;6;1.0;3.0;261;MICHELIN (AVENUE EDOUARD;M;4737040.0;67707.0;370
201100030112;11;11;21;1328;1;2;3;1.0;3.0;261;AUBERDIERE (RUE DE L');M;4736290.0;69289.0;370
201100030118;11;7;10;1400;1;2;1;1.0;6.0;261;HEURTELOUP (BOULEVARD);M;4739030.0;68937.0;370