Num_Acc;an;mois;jour;hrmn;lum;agg;int;atm;col;com;adr;gps;lat;long;dep
201100030122;11;8;2;1447;1;2;2;1.0;6.0;261;SEVERINE (RUE);M;4737520.0;70619.0;370
201100030126;11;8;24;1704;1;2;1;1.0;6.0;122;BRANLY (RUE EDOUARD);M;4735850.0;67160.0;370
201100030142;11;11;3;1155;1;2;2;2.0;3.0;261;ZOLA (RUE EMILE);M;4739370.0;68721.0;370
201100030143;11;11;9;1225;1;2;1;1.0;3.0;261;14, BERANGER (BOULEVARD);M;4739010.0;68784.0;370
201100030144;11;11;10;915;1;2;2;1.0;3.0;261;HOSPITALITE (RUE DE L');M;4739030.0;67057.0;370
201100030157;11;9;7;1905;1;2;1;1.0;6.0;261;BERGEONNERIE (RUE DE LA);M;4735890.0;69468.0;370
201100030165;11;9;21;902;1;2;1;1.0;3.0;122;28, JAURES (BOULEVARD JE;M;4734890.0;66629.0;370
201100030167;11;9;25;1631;1;2;2;1.0;3.0;261;FOUQUET (RUE JEHAN);M;4738940.0;68288.0;370
201100030168;11;9;25;1846;1;2;2;1.0;3.0;261;REPUBLIQUE (AVENUE DE LA;M;4741180.0;68806.0;370
201100030169;11;9;27;1107;1;2;1;1.0;3.0;122;DOUZILLIERE (RUE DE LA);M;4734220.0;65019.0;370
201100030170;11;9;27;1940;2;2;1;1.0;6.0;122;DOUZILLIERE (RUE DE LA);M;4734460.0;65223.0;370
201100030173;11;11;28;1315;1;2;3;1.0;3.0;233;ATELIERS (RUE DES);M;4738650.0;71599.0;370
201100030181;11;12;18;700;5;2;1;2.0;7.0;214;BLOT (RUE LOUIS);M;4740770.0;67164.0;370
201100030183;11;12;28;1015;1;2;1;2.0;2.0;214;., CALMETTE (RUE);M;4740770.0;67886.0;370
201100030189;11;10;20;846;1;2;6;1.0;3.0;261;MONOD (ROND-POINT JACQUE;M;4736210.0;67350.0;370
201100030213;11;1;26;715;1;2;3;2.0;3.0;122;HUGO (AVENUE VICTOR);M;4735090.0;66509.0;370
201100030216;11;2;16;1450;1;2;3;1.0;7.0;233;LABOURDE (RUE JEANNE);M;4739080.0;74247.0;370
201100030219;11;10;14;1217;1;2;6;1.0;6.0;261;MAGINOT (AV. ANDRE);M;4742680.0;70167.0;370
201100030234;11;10;20;1155;1;2;6;1.0;6.0;208;POMPIDOU (AVENUE GEORGES;M;4737460.0;71582.0;370
201100030242;11;11;18;1446;1;2;3;1.0;6.0;233;BROSSOLETTE (RUE PIERRE);;;;370
201100030244;11;11;17;1817;2;2;3;1.0;6.0;261;MALRAUX (QUAI ANDRE);M;4739690.0;68878.0;370
201100030247;11;12;12;1747;5;2;3;1.0;3.0;233;LANGEVIN (BOULEVARD PAUL;M;4739030.0;72690.0;370
201100030268;11;6;3;1705;1;2;6;1.0;1.0;261;MALRAUX (QUAI ANDRE);M;4739660.0;68610.0;370
201100030274;11;6;21;1600;1;2;1;1.0;6.0;214;AVENUE DE LA TRANCHEE;M;4740630.0;68209.0;370
201100030278;11;7;26;1533;1;2;1;1.0;6.0;233;GRAND MAIL (ALLEE DU);M;4739230.0;72333.0;370
201100030290;11;9;21;1725;1;2;1;1.0;6.0;261;56, TONNELLE (BOULEVARD);M;4738530.0;67661.0;370
201100030294;11;10;3;747;1;2;6;8.0;3.0;261;DE GAULLE (AV. DU GAL);M;4738030.0;69731.0;370
201100030296;11;10;13;2130;5;2;1;1.0;7.0;261;63, MAIRIE (RUE DE LA);M;4738990.0;66325.0;370
201100030299;11;11;4;745;1;2;1;1.0;7.0;261;DREUX (RUE ELISE);M;4738780.0;67385.0;370
201100030302;11;11;22;625;5;2;1;1.0;2.0;261;LOUIS XI (BOULEVARD);M;4737580.0;66400.0;370
201100030317;11;5;13;830;1;2;2;1.0;7.0;53;29 GAMBETTA/CLEMENCEAU;M;4558720.0;527326.0;380
201100030341;11;1;4;1600;1;2;2;1.0;3.0;185;00, AVENUE ALSACE LORRAI;M;4518990.0;571801.0;380
201100030345;11;1;6;815;1;2;1;1.0;3.0;185;00, RUE G?N?RAL MANGIN;M;4517600.0;571763.0;380
201100030361;11;1;31;1400;1;2;2;1.0;3.0;185;BD ?DOUARD REY/V HUGO;M;4518970.0;572465.0;380
201100030371;11;3;3;640;2;2;2;1.0;3.0;185;0, RUE ABB? DE LA SALLE;M;4519020.0;573214.0;380
201100030373;11;3;10;1945;2;2;2;1.0;6.0;185;15, RUE PAUL BOURGET;M;4517790.0;572760.0;380
201100030375;11;3;15;1830;1;2;1;1.0;6.0;185;0, PLACE JEAN ACHARD;M;4518950.0;572900.0;380
201100030378;11;3;21;1800;1;2;6;1.0;3.0;185;0, AVENUE DES MARTYRS;M;4520540.0;570045.0;380
201100030381;11;3;23;1510;1;2;3;1.0;6.0;185;00, COURS BERRIAT;M;4518840.0;571448.0;380
201100030382;11;3;25;900;1;2;2;1.0;6.0;169;72, AVENUE ARISTIDE BRIA;M;4519000.0;569148.0;380
201100030391;11;4;18;1830;1;2;1;1.0;6.0;151;0, AVENUE DE KIMBERLEY;M;4514700.0;573245.0;380
201100030393;11;4;21;1835;1;2;2;1.0;3.0;185;0, RUE DE BONNE;M;4518870.0;572582.0;380
201100030405;11;5;15;1115;1;2;2;1.0;3.0;169;0, MAIL MARCEL CACHIN;M;4519360.0;568724.0;380
201100030410;11;5;28;1630;1;2;3;1.0;6.0;151;61 COURS JEAN JAURES;M;4515130.0;570665.0;380
201100030413;11;6;8;700;1;2;2;2.0;6.0;185;0, AVENUE DES JEUX OLYMP;;;;380
201100030416;11;6;17;1340;1;2;2;1.0;6.0;185;0, RUE DE LA BAJATI?RE;;;;380
201100030425;11;6;27;1850;1;2;1;1.0;3.0;185;00, PLACE DE METZ;;;;380
201100030430;11;6;30;1600;1;2;1;1.0;6.0;516;0, BOULEVARD DE LA CHANT;;;;380
201100030432;11;7;2;1000;1;2;2;1.0;3.0;185;1, RUE SUZANNE BUISSON;;;;380
201100030437;11;7;22;2325;5;2;1;1.0;6.0;185;0, RUE BARRAL DE MONTFER;;;;380
201100030444;11;8;15;830;1;2;2;1.0;3.0;185;76, RUE DE STALINGRAD;;;;380
201100030454;11;9;9;1045;1;2;1;1.0;6.0;185;101, RUE DE STALINGRAD;;;;380
201100030456;11;9;9;1225;1;1;1;1.0;6.0;126;0, ROUTE DE CHARTREUSE;;;;380
201100030461;11;9;16;1200;1;2;1;1.0;6.0;185;0, AVENUE JEANNE D'ARC;;;;380
201100030464;11;9;22;1955;5;2;1;1.0;2.0;516;4, BOULEVARD DE LA CHANT;;;;380
201100030467;11;10;3;1900;1;2;2;1.0;3.0;185;0, QUAI JONGKIND;;;;380
201100030472;11;10;7;1520;1;2;2;1.0;3.0;185;0, RUE LESDIGUI?RES;;;;380
201100030473;11;10;11;1015;1;2;1;1.0;6.0;151;40, AVENUE DE GRUGLIASCO;;;;380
201100030474;11;10;17;1425;1;2;1;1.0;6.0;185;6, RUE F?LIX POULAT;;;;380
201100030476;11;10;26;1010;1;2;1;1.0;3.0;185;0, AVENUE PAUL VERLAINE;M;4516200.0;571591.0;380
201100030486;11;11;18;1550;1;2;2;1.0;3.0;185;0, AVENUE F?LIX VIALLET;;;;380
201100030489;11;11;21;1350;1;2;2;1.0;3.0;185;0, RUE SAINT-FERJUS;;;;380
201100030492;11;11;23;820;1;2;2;1.0;3.0;185;0, AVENUE DES JEUX OLYMP;;;;380
201100030505;11;12;9;1705;2;2;3;1.0;3.0;185;0, AVENUE JULES VALL?S;;;;380
201100030513;11;12;21;1415;1;2;1;2.0;6.0;151;11, PLACE DES JACOBINS;;;;380
201100030514;11;12;21;1615;1;2;2;2.0;3.0;185;0, PLACE ANDR? MALRAUX;;;;380
201100030518;11;12;24;1900;5;2;1;1.0;6.0;185;50, COURS BERRIAT;;;;380
201100030559;11;5;8;1810;1;2;9;1.0;3.0;198;0, CORNICHE (BD DE LA) 3;;;;390
201100030563;11;10;11;740;2;2;1;8.0;3.0;198;14, MALET (RUE DU GENERA;;;;390
201100030601;11;3;25;1700;1;2;3;1.0;3.0;192;, CANDAU (BD FERDINANT D;;;;400
201100030607;11;8;9;1423;1;2;1;1.0;3.0;192;392, FOCH (AV DU MARECHA;;;;400
201100030618;11;11;21;1150;1;2;1;1.0;3.0;192;giratoire de hiroire;;;;400
201100030644;11;3;3;1425;1;2;3;1.0;3.0;18;DUGAY-TROUIN (RUE);;;;410
201100030668;11;5;19;1605;1;1;1;1.0;3.0;18;BONCOUR (BOULEVARD JOSEP;;;;410
201100030681;11;6;30;1215;1;2;3;1.0;3.0;18;CHATEAUDUN (AVENUE DE);;;;410
201100030683;11;7;4;1000;1;2;1;1.0;3.0;212;NATIONALE (ROUTE);M;4756770.0;136335.0;410
201100030687;11;7;13;1515;1;2;3;1.0;3.0;18;CROIX PICHON (RUE DE LA;;;;410
201100030696;11;7;28;820;1;2;6;1.0;3.0;18;CITES UNIES (ROND POINT);M;4761110.0;133826.0;410
201100030706;11;8;25;1300;1;2;1;1.0;3.0;18;BOUGAINVILLE (RUE);;;;410
201100030717;11;9;27;1126;1;1;1;1.0;6.0;18;DE GAULLE (PONT DU GENER;;;;410
201100030721;11;10;4;805;1;2;1;1.0;3.0;212;NATIONALE (ROUTE);M;4757250.0;135614.0;410
201100030723;11;10;5;1405;1;2;1;1.0;2.0;18;70, WILSON (AVENUE DU PR;M;4758040.0;134452.0;410
201100030726;11;10;18;840;1;2;1;1.0;7.0;18;24 BIS, GARENNE (RUE DE;;;;410
201100030737;11;10;31;2210;5;2;1;1.0;3.0;18;CHATEAUDUN (AVENUE DE);;;;410
201100030744;11;11;14;1340;1;2;1;1.0;3.0;18;VAUBAN (BOULEVARD);;;;410
201100030750;11;11;18;752;1;2;3;1.0;3.0;18;DUGAY-TROUIN (RUE)  N  I;;;;410
201100030763;11;12;22;930;1;2;1;1.0;3.0;47;CHAMPLOUET (RUE DE);;;;410
201100030770;11;7;2;1055;1;2;1;1.0;3.0;194;128, HUIT MAI (RUE DU);;;;410
201100030780;11;4;9;1150;1;2;1;1.0;3.0;158;., FOLIETTE (LA) (LIEU-D;M;4779340.0;104438.0;410
201100030804;11;12;14;1550;1;2;1;1.0;6.0;3;40, VALLEE DU LOIR (RUE;;;;410
201100030809;11;1;17;1455;1;1;1;1.0;6.0;316;CD 3;M;4540892.0;425100.0;420
201100030818;11;3;25;1510;1;2;1;1.0;3.0;183;RD  88;M;4540047.0;435420.0;420
201100030819;11;4;17;1315;1;1;2;1.0;3.0;316;CD 3;M;4539515.0;426312.0;420
201100030829;11;6;25;1015;1;1;1;1.0;5.0;31;CD 108;M;4542477.0;424050.0;420
201100030832;11;6;27;1940;1;1;1;1.0;2.0;270;CD 108;M;4539635.0;423526.0;420
201100030843;11;9;11;850;1;2;3;1.0;3.0;183;RD  88;M;4540493.0;436933.0;420
201100030871;11;5;5;2130;5;1;1;1.0;1.0;259;12, MUNAT ROUTE DU;M;4553878.0;459487.0;420
201100030874;11;9;7;1155;1;2;1;1.0;6.0;103;JAURES RUE JEAN;M;4550379.0;456902.0;420
201100030880;11;1;5;845;1;2;2;1.0;3.0;187;27, CLERMONT (RUE DE );M;4603002.0;406651.0;420
201100030881;11;1;7;2000;5;2;1;1.0;6.0;187;80, HERMINIER (QUAI DU C;M;4603992.0;408277.0;420
201100030921;11;4;13;1715;1;2;1;1.0;3.0;187;23, MATEL (RUE DE );M;4604714.0;408359.0;420
201100030924;11;4;28;1555;1;2;1;1.0;3.0;187;BERGE (RUE DE LA );M;4603324.0;407160.0;420
201100030927;11;4;20;1405;1;2;3;1.0;5.0;187;21, THOMAS (RUE ALBERT);M;4604354.0;407390.0;420
201100030930;11;5;31;1220;1;2;1;3.0;1.0;127;98, DE GAULLE (AVENUE CH;M;4605149.0;406613.0;420
201100030933;11;6;10;1030;1;2;1;1.0;2.0;127;9, BRIENNON (RT DE);M;4605612.0;407319.0;420
201100030937;11;7;11;1945;1;2;1;1.0;3.0;187;21, GIRAUD (RUE DU GENER;M;4603237.0;406135.0;420
201100030941;11;5;15;912;1;1;6;1.0;2.0;127;PARC (RUE DU);M;4608650.0;406410.0;420
201100030951;11;6;27;1250;1;2;3;1.0;3.0;127;53, BRIENNON (RT DE);M;4605958.0;407339.0;420
201100030974;11;8;30;1505;1;1;6;1.0;3.0;170;721, R.D 504;M;4603477.0;410275.0;420
201100030976;11;9;10;2200;5;2;2;1.0;1.0;187;15, THOMAS (RUE ALBERT);M;4604306.0;407368.0;420
201100030977;11;9;14;1215;1;2;3;1.0;5.0;187;54, BARON DU MARAIS (BOU;M;4604271.0;406663.0;420
201100030992;11;10;27;1520;1;2;3;1.0;3.0;187;39, CHARLIEU (RUE DE );M;4604200.0;407627.0;420
201100030995;11;9;22;1908;1;2;6;1.0;3.0;184;21, FORGES PAUL (RUE);M;4605955.0;404990.0;420
201100030998;11;11;14;820;1;2;1;1.0;6.0;187;1, Pont de la LOIRE;M;4603265.0;407985.0;420
201100031018;11;11;24;1230;1;2;1;1.0;2.0;71;127, LIBERATION (AVENUE;M;4602462.0;408699.0;420
201100031067;11;1;28;1848;5;2;2;1.0;3.0;218;IGNORE, MOLINA (DE);M;4546621.0;439891.0;420
201100031093;11;3;6;1720;1;1;1;1.0;3.0;305;02, CHAZOTTE;M;4547384.0;443948.0;420
201100031164;11;5;20;1320;1;2;6;1.0;3.0;218;5, ROOSEVELT FRANKLIN (S;M;4542022.0;441163.0;420
201100031181;11;6;12;1905;1;2;4;1.0;3.0;218;ignore, BURDEAU A PARTIR;M;4544406.0;441409.0;420
201100031199;11;6;23;1525;1;2;1;1.0;3.0;218;ignor?, MONTAT (DE LA) J;M;4544035.0;440073.0;420
201100031213;11;7;7;1755;1;2;3;1.0;3.0;218;ANINO REMI ( RUE DU DOC;M;4545150.0;438836.0;420
201100031219;11;7;14;1144;1;2;2;1.0;3.0;218;MI-CAREME;M;4543917.0;438442.0;420
201100031227;11;7;25;1400;1;2;1;2.0;7.0;218;36, GAMBETTA A PARTIR N?;M;4543228.0;438916.0;420
201100031231;11;7;30;2138;2;2;2;1.0;1.0;218;IGNORE, TROIS CHENES (AL;M;4546734.0;440884.0;420
201100031233;11;7;31;1505;1;2;3;1.0;6.0;218;FRANCHET D'ESPEREY M. A;M;4544104.0;437409.0;420
201100031248;11;9;9;939;1;2;2;1.0;3.0;218;JANIN JULES (BD) JUSQU'A;M;4544728.0;438622.0;420
201100031253;11;9;16;1220;1;2;1;1.0;3.0;218;ignor?, NADAUD GUSTAVE (;M;4543360.0;439527.0;420
201100031280;11;11;14;1240;1;2;6;1.0;3.0;218;ignor?, CAMUS ALBERT;M;4543641.0;441885.0;420
201100031282;11;10;20;730;5;2;1;1.0;2.0;218;111, BERGSON A PARTIR N?;M;4545663.0;438217.0;420
201100031344;11;9;1;1835;1;2;1;1.0;1.0;157;1, LAFAYETTE (RUE GENERA;;;;430
201100031360;11;3;13;1055;1;2;3;2.0;3.0;55;NS, PIERRE PERCÉE ( ALLÉ;;;;440
201100031364;11;3;22;1100;1;2;2;1.0;3.0;135;NS, KERHAUT ( AVENUE DE;;;;440
201100031366;11;4;12;810;1;2;2;1.0;3.0;132;65, LORIETTES (AVENUE DE;;;;440
201100031369;11;4;16;1925;1;2;1;1.0;3.0;55;21, DIANE ( AVENUE DE );;;;440
201100031374;11;5;18;1715;1;2;1;1.0;3.0;132;NS, MARCHE (PLACE DU);;;;440
201100031378;11;6;14;1125;1;2;1;1.0;3.0;55;NS, GAULLE ( AVENUE DU G;;;;440
201100031381;11;7;1;1255;1;2;2;1.0;3.0;135;NS, LAB?GO ( BOULEVARD D;;;;440
201100031382;11;7;2;1600;1;2;9;1.0;2.0;135;NS, KISSLEGG ( BOULEVARD;;;;440
201100031385;11;7;10;1155;1;2;9;1.0;3.0;135;17, SANDEAU ( QUAI JULES;;;;440
201100031390;11;7;22;1150;1;2;1;1.0;3.0;132;50, OUTTIER (AVENUE EMIL;;;;440
201100031391;11;7;24;1715;1;2;6;1.0;3.0;132;16, REPUBLIQUE (BOULEVAR;;;;440
201100031395;11;8;13;1545;1;2;6;2.0;3.0;55;1, PALMIERS ( PLACE DES;;;;440
201100031396;11;8;14;1125;1;2;1;1.0;6.0;135;BOUGOUIN ( RUE FRAN?OIS;;;;440
201100031409;11;9;30;2255;3;2;1;1.0;2.0;135;NS, KISSLEGG ( BOULEVARD;;;;440
201100031411;11;10;11;1840;1;2;1;1.0;2.0;55;108, GAULLE ( AVENUE DU;;;;440
201100031418;11;11;11;945;1;2;6;8.0;3.0;135;NS, EUROPE ( GIRATOIRE );;;;440
201100031437;11;1;18;1439;1;2;1;1.0;3.0;109;0, BOULEVARD JEAN PHILIP;;;;440
201100031456;11;2;4;815;2;2;6;1.0;3.0;143;1, BLANDIN (RUE EMILE);;;;440
201100031468;11;2;18;1030;1;2;3;1.0;6.0;109;ROUTE DE SAINT JOSEPH;;;;440
201100031487;11;3;3;850;1;2;1;1.0;6.0;114;PLACE DE LA FRATERNITE;;;;440
201100031489;11;3;18;1010;1;2;2;1.0;3.0;109;BOULEVARD AMIRAL COURBET;;;;440
201100031490;11;3;21;1250;1;2;9;1.0;3.0;109;BOULEVARD GUY MOLLET;;;;440
201100031500;11;3;23;1700;1;2;1;1.0;3.0;109;318, ROUTE DE SAINT JOSE;;;;440
201100031503;11;3;28;1508;1;2;1;1.0;3.0;109;155, BOULEVARD DES POILU;;;;440
201100031504;11;3;24;830;1;2;1;2.0;3.0;109;PONT WILLY BRANDT;;;;440
201100031507;11;3;30;440;5;2;6;1.0;3.0;109;., RUE CHEVREUL;;;;440
201100031512;11;3;18;1800;1;2;1;1.0;2.0;109;00, BOULEVARD SAINT AIGN;;;;440
201100031529;11;4;22;1800;1;2;1;1.0;3.0;109;., BD MARTYRS N. DE LA R;;;;440
201100031545;11;5;10;1010;1;2;6;1.0;3.0;109;BOULEVARD JEAN PHILIPPOT;;;;440
201100031557;11;5;23;740;1;2;2;1.0;6.0;143;JOUAUD (RUE MAURICE);;;;440
201100031559;11;5;24;1915;1;2;3;1.0;6.0;190;RUE JEAN MERMOZ;;;;440
201100031560;11;5;25;1100;1;2;1;1.0;3.0;109;13, QUAI DE MALAKOFF;;;;440
201100031562;11;5;26;1305;5;1;3;1.0;6.0;143;BLORDIERE (RUE DE LA);;;;440
201100031589;11;6;14;1000;1;2;1;1.0;2.0;109;68, BOULEVARD MICHELET;;;;440
201100031596;11;6;21;1853;1;2;7;2.0;3.0;109;PLACE CANCLAUX;;;;440
201100031599;11;6;22;240;5;2;1;1.0;1.0;109;RUE DE STRASBOURG;;;;440
201100031607;11;6;30;940;1;2;6;1.0;3.0;109;0, PLACE VICTOR MANGIN;;;;440
201100031608;11;6;30;1345;1;2;6;1.0;6.0;109;00, ROND-POINT DE VANNES;;;;440
201100031633;11;7;20;1245;1;2;1;3.0;3.0;109;ROUTE DE LA CHAPELLE SUR;;;;440
201100031635;11;6;22;1615;1;2;1;1.0;6.0;143;AVENUE DE LA LIBERATION;;;;440
201100031658;11;8;18;1615;1;2;1;1.0;6.0;109;30, RUE DE GIGANT;;;;440
201100031660;11;8;23;400;5;2;2;1.0;6.0;109;ROUTE DE VERTOU;;;;440
201100031661;11;8;19;1720;1;2;6;1.0;3.0;109;00, BOULEVARD DE LA BEAU;;;;440
201100031668;11;8;30;1600;1;2;2;1.0;3.0;143;1, BASSE ILE (RUE DE LA;;;;440
201100031673;11;9;4;2005;1;2;6;1.0;3.0;109;BOULEVARD DES POILUS;;;;440
201100031676;11;9;7;800;1;2;3;1.0;3.0;109;., RUE DE CARCOUET;;;;440
201100031685;11;9;16;45;5;2;1;1.0;6.0;109;06, RUE FREDERIC CAILLIA;;;;440
201100031705;11;9;27;740;2;2;6;1.0;6.0;109;., ROUTE DE SAINTE LUCE;;;;440
201100031708;11;9;20;1900;1;2;1;1.0;3.0;109;., RUE LOUIS MARIN;;;;440
201100031722;11;10;3;1250;1;2;1;1.0;2.0;109;ROUTE DE PARIS;;;;440
201100031728;11;10;6;1800;1;2;1;1.0;3.0;109;., RUE JOSEPH DOURY;;;;440
201100031729;11;10;6;1230;1;2;3;1.0;3.0;109;., COURS DES 50 OTAGES;;;;440
201100031738;11;10;18;1630;1;2;1;1.0;3.0;109;28, ROUTE DE SAINTE LUCE;;;;440
201100031739;11;10;18;1755;1;2;1;1.0;3.0;162;BOULEVARD SALVADOR ALLEN;;;;440
201100031747;11;10;24;1225;1;2;1;1.0;6.0;143;48, RUE ARISTIDE BRIAND;;;;440
201100031761;11;10;27;1300;1;2;1;2.0;3.0;109;00, PLACE SAINT FELIX;;;;440
201100031771;11;11;14;1730;1;2;1;1.0;6.0;162;RUE DE LA GARE;;;;440
201100031779;11;11;21;705;5;2;1;1.0;6.0;109;RUE EUGENE THOMAS;;;;440
201100031788;11;11;23;1215;1;2;1;1.0;6.0;109;5, RUE DE STRASBOURG;;;;440
201100031789;11;11;24;1940;5;2;5;1.0;6.0;109;RUE FERNAND PINEAU CHAIL;;;;440
201100031791;11;11;23;955;1;2;1;1.0;6.0;190;RUE DE LA LIBERATION;;;;440
201100031799;11;11;29;1240;1;2;1;1.0;3.0;109;BOULEVARD MARTIN LUTHER;;;;440
201100031805;11;12;4;1240;1;2;6;1.0;6.0;109;0, BOULEVARD DU TERTRE;;;;440
201100031813;11;12;2;130;5;2;1;1.0;2.0;109;., CHAUSSEE DE LA MADELE;;;;440
201100031822;11;12;9;1850;5;2;1;1.0;1.0;109;., RUE DESAIX;;;;440
201100031826;11;12;16;1840;5;2;3;2.0;3.0;109;RUE DES PAVILLONS;;;;440
201100031838;11;12;9;1525;1;2;1;1.0;3.0;162;7, AVENUE DE L'ANGEVINIE;;;;440
201100031845;11;1;10;1054;1;2;2;1.0;3.0;184;PERVENCHES (ALLÉE DES);;;;440
201100031851;11;2;8;1545;1;2;2;1.0;3.0;184;WALDECK-ROUSSEAU (RUE PI;;;;440
201100031853;11;2;15;1035;1;2;1;1.0;6.0;184;6, LECHAT (RUE AUGUSTE B;;;;440
201100031858;11;3;4;1630;1;2;1;1.0;3.0;184;PÉREIRE (RUE DES FRERES);;;;440
201100031871;11;5;6;735;1;2;2;1.0;3.0;184;CARDURAND (RUE DE) DU 02;;;;440
201100031878;11;5;26;1335;1;2;6;1.0;2.0;184;LAGRANGE (AVENUE L?O);;;;440
201100031895;11;7;24;1045;1;2;1;1.0;2.0;184;125, CH?TEAU DE BEAUREGA;;;;440
201100031906;11;8;30;1755;1;2;3;1.0;3.0;184;BROODCOORENS (RUE) DU 02;;;;440
201100031914;11;9;27;2010;1;2;1;1.0;6.0;184;250, LAENNEC (BD DU DR R;;;;440
201100031915;11;9;28;1805;1;2;2;1.0;6.0;184;BERLIOZ (AVENUE HECTOR);;;;440
201100031922;11;10;30;1625;1;2;3;1.0;3.0;184;GAY-LUSSAC (RUE LOUIS JO;;;;440
201100031936;11;12;2;955;1;2;1;1.0;3.0;184;UNIVERSIT? (BOULEVARD DE;;;;440
201100031944;11;12;15;1815;5;2;3;3.0;3.0;184;BERLIOZ (AVENUE HECTOR);;;;440
201100031958;11;2;4;1558;1;2;6;1.0;2.0;338;R VIEUX BOURG/PIERRE NOB;M;4797596.0;271459.0;450
201100031985;11;4;16;1120;1;2;3;1.0;3.0;68;R ORMES/R FREDERIC CHOPI;M;4801030.0;270696.0;450
201100031989;11;3;5;1835;5;2;1;8.0;1.0;4;R ST FIRMIN DES VIGNES;M;4797620.0;274012.0;450
201100031994;11;5;25;1050;1;2;1;1.0;3.0;68;35 R DE NEVERS;M;4800879.0;274035.0;450
201100032032;11;9;29;800;1;2;3;1.0;3.0;4;R LIBERATION/TERRES BLAN;M;4797703.0;276917.0;450
201100032065;11;1;26;1900;3;1;1;2.0;2.0;286;RTE SAINT CYR EN VAL;M;4786521.0;194570.0;450
201100032074;11;3;15;1625;1;2;3;1.0;3.0;234;BD P.SEGELLE/A.BRIAND;M;4790414.0;191410.0;450
201100032085;11;4;14;900;1;2;4;1.0;3.0;147;R CUREMBOURG/BICHARDIERE;M;4794286.0;192649.0;450
201100032086;11;4;19;929;1;2;2;1.0;3.0;234;R ANGUIGNIS/EUGENE TURBA;M;4788819.0;191281.0;450
201100032099;11;5;19;1530;1;2;1;1.0;3.0;234;18 AV ST MESMIN;;;;450
201100032104;11;5;25;955;1;2;1;1.0;3.0;232;677 RUE DE LA VALLEE;M;4786208.0;188548.0;450
201100032109;11;6;20;1445;1;2;2;1.0;6.0;234;PL MARTROI/R CHARLES SAN;M;4790218.0;190469.0;450
201100032110;11;6;22;930;1;2;3;1.0;3.0;234;RUE F.HAUCHECORNE/AV PAR;M;4791866.0;192572.0;450
201100032147;11;10;3;1555;1;2;2;1.0;3.0;234;R FG BANNIER/R PATAY;M;4790885.0;190093.0;450
201100032151;11;10;6;1241;1;2;1;1.0;3.0;232;R BAD OLDESLOE;M;4786575.0;188626.0;450
201100032152;11;10;11;1406;1;2;2;1.0;3.0;284;209 FG DE BOURGOGNE;M;4790424.0;194031.0;450
201100032163;11;11;10;1850;5;2;3;1.0;3.0;284;AV L.J SOULAS/R REPUBLIQ;M;4790764.0;196388.0;450
201100032179;11;12;4;1355;1;2;2;1.0;3.0;232;AV LOIRET/R ARCHETTE/POI;M;4787145.0;190418.0;450
201100032213;11;1;21;1700;1;2;6;1.0;3.0;1;RIOLS (ALLEE DE);M;4417870.0;61593.0;470
201100032221;11;4;20;755;1;2;1;1.0;1.0;1;13, REPUBLIQUE (BOULEVAR;M;4420440.0;61347.0;470
201100032223;11;4;29;1230;1;2;1;1.0;1.0;1;2, DINSLAKEN (RUE DE);M;4421400.0;64343.0;470
201100032227;11;5;14;1815;1;2;3;1.0;3.0;1;DELPECH (AV. GEORGES);M;4420720.0;61168.0;470
201100032228;11;6;1;940;1;2;6;1.0;3.0;1;PIN (PLACE DU);M;4420520.0;62574.0;470
201100032235;11;8;23;745;1;2;1;1.0;3.0;32;NOGUES (avenue du);;;;470
201100032239;11;10;5;1540;1;2;1;1.0;1.0;1;LIBERTE (BOULEVARD DE LA;M;4419610.0;61917.0;470
201100032255;11;2;26;1930;3;1;1;1.0;2.0;323;COURBIAC;M;4440700.0;75104.0;470
201100032265;11;8;13;1700;1;2;3;1.0;3.0;323;38, FUMEL(AVENUE DE );;;;470
201100032292;11;1;7;740;5;2;1;2.0;2.0;246;0, PONT DUMNACUS LIEU DI;M;4742248.0;-52368.0;490
201100032294;11;1;11;1340;1;2;3;1.0;3.0;7;0, PASTEUR AVENUE;M;4747398.0;-53742.0;490
201100032295;11;1;12;2057;5;2;3;2.0;1.0;7;0, PATTON AVENUE;M;4747307.0;-60238.0;490
201100032298;11;1;16;1100;1;2;1;1.0;7.0;15;84, MENDES FRANCE AVENUE;M;4750585.0;-58846.0;490
201100032304;11;1;19;1410;1;2;6;2.0;1.0;246;0, BAUDRAIRIE CHEMIN;M;4743911.0;-50557.0;490
201100032313;11;1;26;743;2;2;2;2.0;2.0;7;0, BLANCHOIN BOULEVARD;M;4744517.0;-54719.0;490
201100032316;11;1;29;1020;1;2;1;1.0;7.0;7;0, LIZE;M;4748939.0;-56808.0;490
201100032319;11;1;31;1200;1;2;1;1.0;7.0;7;140, LAREVELLIERE;M;4747130.0;-52694.0;490