Num_Acc;an;mois;jour;hrmn;lum;agg;int;atm;col;com;adr;gps;lat;long;dep
201100036823;11;8;18;1400;1;2;2;2.0;3.0;193;RHEIMS (PLACE DE);;;;620
201100036824;11;8;26;1555;1;2;3;2.0;3.0;193;31, MILLET (RUE J.F.);;;;620
201100036825;11;9;5;1125;1;2;1;1.0;2.0;193;HENRY HENON (PONT);;;;620
201100036826;11;9;7;1050;1;2;1;1.0;3.0;193;223, SAINT EXUPERY (AVEN;;;;620
201100036838;11;11;19;1605;1;2;1;1.0;3.0;193;POINCARRE (AVENUE R.);;;;620
201100036841;11;11;25;1705;2;2;1;1.0;2.0;193;174, FRANCE (RUE A.);;;;620
201100036857;11;1;22;1350;1;2;1;2.0;3.0;907;sans, OIGNIES (RTE D');;;;620
201100036869;11;5;11;1440;1;2;1;1.0;3.0;907;46, OIGNIES (RTE D');;;;620
201100036877;11;7;1;845;1;2;1;1.0;6.0;637;DARCHICOURT (AV FERNAND);;;;620
201100036881;11;7;6;1130;1;1;3;2.0;3.0;413;sans, VERMELLES (CHE. DE;;;;620
201100036882;11;7;9;1615;1;2;6;1.0;3.0;250;HUIT MAI 1945 (R DU);;;;620
201100036883;11;7;11;920;1;2;1;1.0;6.0;215;MEURCHIN (RTE DE);;;;620
201100036886;11;7;11;1410;1;2;4;1.0;3.0;907;103, QUINET (R CYPRIEN);;;;620
201100036895;11;9;10;1600;1;2;2;1.0;1.0;637;SANS, BASLY (R EMILE);;;;620
201100036922;11;5;22;1610;1;2;1;1.0;6.0;427;854, DEMUYNCK (R CHARLES;;;;620
201100036924;11;5;19;920;1;2;6;1.0;3.0;249;BRIQUET (R RAOUL);;;;620
201100036926;11;6;2;2120;1;2;6;1.0;3.0;427;0, HERBAUT (BD DES FRERE;;;;620
201100036957;11;3;8;1720;1;2;1;1.0;6.0;523;39, BLUM (R LEON);;;;620
201100036961;11;4;19;1650;1;2;3;1.0;3.0;842;SANS, D 947;;;;620
201100036976;11;7;20;930;1;2;1;1.0;6.0;498;49, BETHUNE (RTE DE);;;;620
201100036992;11;10;25;1535;1;2;1;1.0;6.0;895;SANS, VOLTAIRE (R );;;;620
201100037016;11;4;10;1730;1;2;1;1.0;1.0;386;., PLAINE (BD DE LA);;;;620
201100037024;11;6;3;1700;1;2;2;1.0;3.0;528;., SUPERVIELLE (R );;;;620
201100037027;11;7;3;1831;1;2;1;1.0;3.0;186;., DEBEAUMONT ( RUE EDMO;;;;620
201100037033;11;8;2;1700;1;2;1;1.0;3.0;510;., SANS SOUCI (R DU);;;;620
201100037068;11;7;24;1005;1;2;3;1.0;3.0;83;COUPIGNY (RUE DE);;;;620
201100037084;11;10;6;1830;1;2;3;1.0;6.0;525;, BLENDECQUES (RTE DE...;;;;620
201100037095;11;8;1;2020;1;2;1;1.0;6.0;826;1, PLAGE (BOULEVARD DE L;;;;620
201100037096;11;8;2;1700;1;2;2;1.0;3.0;826;1, DALOZ (BOULEVARD);;;;620
201100037098;11;8;9;1635;1;2;9;1.0;3.0;826;99, METZ (RUE);;;;620
201100037099;11;8;25;1915;1;2;2;1.0;6.0;826;JOSEPH DUBOC (AVENUE);;;;620
201100037123;11;1;13;740;1;2;1;1.0;6.0;113;26, BLUM (AVENUE LEON);M;4577110.0;309440.0;630
201100037129;11;1;15;1845;5;2;1;1.0;6.0;113;., LAFAYETTE (BD);M;4577054.0;310111.0;630
201100037135;11;1;20;1830;1;2;1;1.0;6.0;113;., DESCARTES (RUE);;;;630
201100037148;11;1;30;1137;1;2;1;1.0;6.0;113;., CHATEAU DES VERGNES (;;;;630
201100037157;11;2;6;1420;1;2;1;1.0;6.0;113;., MARMONTEL (RUE);;;;630
201100037167;11;2;9;2130;5;2;1;1.0;3.0;113;1, BLUM (AVENUE LEON);;;;630
201100037170;11;2;13;23;5;2;1;1.0;6.0;113;., SAINT JEAN (BD);;;;630
201100037239;11;4;8;922;1;2;1;1.0;6.0;113;., CLOS FOUR (RUE DU);;;;630
201100037246;11;4;17;1546;1;2;1;1.0;6.0;113;., BRUGIERE (BD AMBROISE;;;;630
201100037249;11;4;18;945;1;2;1;1.0;2.0;113;., FOREST (AVENUE FERNAN;;;;630
201100037278;11;5;6;1333;1;2;3;1.0;3.0;113;., KLEBER (RUE);M;4579175.0;311400.0;630
201100037287;11;5;17;730;1;2;1;1.0;3.0;113;1, CHANDIOTS (RUE DES);;;;630
201100037293;11;5;22;810;1;2;1;1.0;3.0;113;1, LIMOUSIN (AVENUE DU);;;;630
201100037305;11;5;26;1700;1;2;1;1.0;6.0;113;90, REPUBLIQUE (AVENUE D;M;4578740.0;310548.0;630
201100037326;11;6;7;1420;1;2;1;1.0;6.0;113;60, BARBUSSE (RUE HENRI);M;4578248.0;309146.0;630
201100037340;11;6;17;807;1;2;1;1.0;6.0;113;., REPUBLIQUE (AVENUE DE;;;;630
201100037363;11;7;4;1450;1;2;1;1.0;7.0;113;1, CLEMENTEL (BD ETIENNE;;;;630
201100037364;11;7;5;1027;1;2;2;1.0;3.0;113;., MOULIN (BD JEAN);M;4577697.0;311775.0;630
201100037377;11;7;12;1920;1;2;1;1.0;1.0;113;., BELLEVUE (RUE DE);;;;630
201100037394;11;7;29;1404;1;2;1;1.0;6.0;113;JULIEN (AVENUE);;;;630
201100037397;11;7;31;1755;1;2;1;1.0;6.0;113;UNION SOVIETIQUE (AVENUE;;;;630
201100037469;11;10;2;1800;1;2;1;1.0;3.0;113;1, SOUS LES VIGNES (RUE);;;;630
201100037470;11;10;3;800;1;2;1;1.0;6.0;113;8, BLUM (AVENUE LEON);M;4577282.0;309285.0;630
201100037485;11;10;8;1515;1;2;3;1.0;3.0;113;14, TORPILLEUR SIROCCO (;M;4581359.0;310703.0;630
201100037501;11;10;15;1830;1;2;1;1.0;6.0;32;., STADE (AVENUE DU);;;;630
201100037519;11;10;27;1220;1;2;1;1.0;6.0;113;BREZET (AVENUE);;;;630
201100037523;11;10;30;1700;1;1;1;1.0;6.0;113;36, COCHET (RUE GENERAL);M;4577985.0;311026.0;630
201100037538;11;11;5;1615;1;2;1;1.0;3.0;113;0, AURIOL (BOULEBARD VIN;;;;630
201100037539;11;11;7;1130;1;2;1;2.0;6.0;113;., BIAUZAT (RUE GAULTIER;;;;630
201100037543;11;11;8;1408;1;2;1;1.0;6.0;32;., EUROPE (AVENUE DE L');;;;630
201100037547;11;11;9;1326;1;2;1;1.0;6.0;113;0, KESSLER (RUE);;;;630
201100037551;11;11;12;1030;1;2;1;1.0;6.0;113;., VERGNES (RUE DES);;;;630
201100037557;11;11;23;845;1;2;1;1.0;6.0;75;PASTEUR (AVENUE);;;;630
201100037608;11;12;31;1300;1;2;1;1.0;7.0;113;1, MALLY (RUE DU DR);;;;630
201100037627;11;10;4;1825;1;2;2;1.0;2.0;193;ONZE NOVEMBRE (RUE DU);M;4577222.0;319532.0;630
201100037650;11;10;4;1530;1;2;3;1.0;3.0;103;RD 227;M;4592537.0;306358.0;630
201100037668;11;2;18;902;1;2;1;1.0;3.0;24;124 AV DE L' ADOUR;M;4352630.0;-151159.0;640
201100037680;11;3;26;1100;1;2;3;1.0;3.0;24;RUE DE HAUSQUETTE;M;4348850.0;-151267.0;640
201100037683;11;3;31;1210;1;2;1;1.0;7.0;24;69, AV DE BAYONNE;M;4348330.0;-150198.0;640
201100037738;11;7;22;740;1;2;3;1.0;2.0;24;42 AV GUYNEMER;M;4349910.0;-153992.0;640
201100037752;11;8;14;1635;1;2;3;1.0;6.0;24;AV DE BAYONNE;M;4348120.0;-151064.0;640
201100037765;11;9;4;1100;1;2;1;1.0;7.0;24;21 RUE DES BARTHES;M;4348440.0;-150418.0;640
201100037787;11;10;10;1725;1;2;1;1.0;3.0;102;15 AV CAPT RESPLANDY;M;4348890.0;-146592.0;640
201100037808;11;11;9;736;1;2;6;1.0;3.0;24;ROND POINT LACROIX;M;4347780.0;-152360.0;640
201100037810;11;11;10;1819;5;2;1;1.0;6.0;102;21 AV LOUIS DE FOIX;M;4350520.0;-146729.0;640
201100037813;11;11;16;730;2;2;1;1.0;6.0;102;29 COMTE CABARRUS;M;4348180.0;-148666.0;640
201100037854;11;3;24;845;1;2;1;1.0;3.0;125;ROND POINT DE L'ETAPE;M;4344720.0;-157679.0;640
201100037864;11;5;3;1915;1;1;4;1.0;3.0;122;ALLEE BARROILHET;M;4344920.0;-155723.0;640
201100037911;11;10;16;950;1;2;1;1.0;3.0;122;AV CARNOT;;;;640
201100037943;11;1;16;305;5;2;1;1.0;1.0;445;68 RUE D'ETIGNY;M;4329600.0;-38184.0;640
201100037945;11;1;17;1730;1;2;1;1.0;3.0;445;0, AV DOYEN  POPLAWSKI;;;;640
201100037958;11;2;2;1452;1;2;3;1.0;3.0;335;8, COTE DU VIGNE;M;4333080.0;-42998.0;640
201100037961;11;2;3;1941;5;2;3;1.0;1.0;445;25 AV DU LOUP;M;4330630.0;-35670.0;640
201100037967;11;2;9;1725;1;2;3;1.0;3.0;445;60 AV DES LILAS;M;4330980.0;-34374.0;640
201100037999;11;3;25;1340;1;2;3;1.0;2.0;445;5 AV DUFAU;M;4330540.0;-36800.0;640
201100038013;11;4;6;1540;1;2;1;7.0;2.0;445;222 AV JEAN MERMOZ;M;4332000.0;-37882.0;640
201100038027;11;4;15;1845;1;2;6;1.0;3.0;348;BD DE L'EUROPE/AV AMPERE;M;4331850.0;-43182.0;640
201100038036;11;4;28;1816;1;2;3;1.0;3.0;445;ROUTE DE BAYONNE/PHOEBUS;M;4329730.0;-38735.0;640
201100038041;11;5;3;845;1;2;3;1.0;3.0;445;RUE DE  SAUMUR;M;4332870.0;-36752.0;640
201100038045;11;5;10;2055;1;2;6;1.0;3.0;335;ROUTE DE L' AVIATION;M;4334460.0;-43086.0;640
201100038055;11;5;20;750;1;2;1;1.0;3.0;445;19 AV DE LONS;M;4331220.0;-38095.0;640
201100038060;11;5;24;1410;1;2;6;1.0;3.0;445;GIRATOIRE DE LA COMMUNE;M;4331130.0;-36235.0;640
201100038080;11;6;28;835;1;2;6;1.0;3.0;348;AV DE SANTONA/MEDIATHEQ;M;4332070.0;-39149.0;640
201100038086;11;7;2;1803;1;2;2;1.0;3.0;445;RUE MARCA/ETIGNY;M;4329630.0;-37635.0;640
201100038089;11;7;5;1720;1;2;1;1.0;3.0;445;8 COURS LEON BERARD;M;4331410.0;-37029.0;640
201100038118;11;8;17;1235;1;2;1;1.0;3.0;348;69 CHEMIN DES VIGNES;M;4331400.0;-40717.0;640
201100038119;11;8;18;1531;1;2;6;1.0;3.0;129;AV DE SANTONA;M;4332090.0;-39162.0;640
201100038146;11;9;17;2010;2;2;6;2.0;3.0;445;COMMUNE DE PARIS;M;4331100.0;-36287.0;640
201100038149;11;9;19;1830;1;2;3;1.0;3.0;445;AV DU GRAND PRIX;M;4332240.0;-38564.0;640
201100038162;11;9;29;1030;1;2;3;1.0;3.0;335;AV DE TARBES/DE GAULLE;M;4333230.0;-42408.0;640
201100038165;11;9;29;1520;1;2;6;1.0;3.0;445;129 BD LUCIEN FAVRE;M;4331900.0;-36238.0;640
201100038166;11;10;1;1145;1;2;3;1.0;2.0;445;AV DUFAU/BREMOND;M;4330540.0;-36801.0;640
201100038175;11;10;10;919;1;2;3;1.0;3.0;445;AV D' ATTIGNY/MONTARDON;M;4331900.0;-37297.0;640
201100038183;11;10;13;1145;1;2;1;1.0;3.0;445;30 AV BARON SEGUIER;M;4330130.0;-39138.0;640
201100038190;11;10;16;1750;1;2;6;1.0;3.0;445;RP YITZHAK RABIN;M;4330630.0;-33375.0;640
201100038195;11;10;21;1820;2;2;2;1.0;3.0;445;0,AV HENRY RUSSEL;;;;640
201100038211;11;11;10;1210;1;2;1;1.0;6.0;445;RUE CARNOT/ALSACE;M;4330450.0;-36821.0;640
201100038246;11;12;14;755;2;2;6;8.0;3.0;445;RP COMMUNE DE PARIS;M;4331120.0;-36239.0;640
201100038259;11;12;28;930;1;2;6;1.0;3.0;445;RP ALLEES DE MORLAAS;M;4330820.0;-33927.0;640
201100038268;11;2;3;1455;1;2;1;8.0;3.0;483;AV PIERRE LARRAMENDY;M;4338340.0;-165942.0;640
201100038273;11;2;13;1125;1;2;1;1.0;3.0;483;AVENUE DE CHANTACO;M;4337870.0;-163870.0;640
201100038286;11;6;20;1010;1;2;1;1.0;2.0;260;57 RUE DE BEHOBIE;M;4334980.0;-177302.0;640
201100038292;11;7;14;1930;1;2;1;1.0;1.0;260;1 AV DES MIMOSAS;M;4337250.0;-177287.0;640
201100038302;11;5;18;1255;1;2;1;1.0;3.0;483;10 RUE AXULAR;M;4338620.0;-165561.0;640
201100038326;11;7;31;1130;1;2;1;1.0;3.0;483;AV DE CHANTACO;M;4338000.0;-163997.0;640
201100038332;11;8;10;1310;1;2;1;1.0;2.0;483;AV ANDRE ITHURRALDE;M;4339230.0;-165363.0;640
201100038333;11;8;11;1045;1;2;3;1.0;3.0;483;AV ANDRE ITHURRALDE;M;4339730.0;-164310.0;640
201100038348;11;10;18;1825;1;2;1;1.0;6.0;483;23 AV GEORGES CLEMENCEAU;M;4339400.0;-164589.0;640
201100038360;11;1;13;1620;1;2;1;1.0;1.0;483;15, RUE MENDI ALDE;M;4338230.0;-165209.0;640
201100038362;11;2;4;1605;1;1;1;1.0;3.0;483;AVENUE DE CHANTACO;M;4337970.0;-163973.0;640
201100038435;11;8;12;1255;1;2;1;1.0;3.0;286;ROUTE NATIONALE 21;;;;650
201100038455;11;2;11;1920;3;1;1;8.0;2.0;100;., BORDEAUX (ROUTE DE) C;;;;650
201100038459;11;2;16;850;1;2;6;1.0;3.0;440;., SEDE (ROND-POINT DE L;;;;650
201100038478;11;4;1;1155;1;1;6;1.0;3.0;100;., BORDEAUX (ROUTE DE) C;;;;650
201100038479;11;4;6;1325;1;2;4;1.0;3.0;440;., MERMOZ (AVENUE JEAN);;;;650
201100038485;11;4;30;1420;1;2;3;1.0;3.0;433;., FOURCADE (RUE ANDRE);;;;650
201100038490;11;5;6;1345;1;2;1;1.0;3.0;440;TARBES/ROUTE DE PAU;M;4323770.0;4528.0;650
201100038493;11;5;27;1405;1;2;1;1.0;3.0;440;., KENNEDY (BOULEVARD DU;;;;650
201100038497;11;6;14;1720;1;2;1;1.0;2.0;440;., VOSGES (AVENUE DES);;;;650
201100038503;11;6;25;850;1;2;3;1.0;3.0;440;., FOCH (RUE DU MARECHAL;;;;650
201100038521;11;9;27;1225;1;2;3;1.0;6.0;226;., PAU (ROUTE DE);;;;650
201100038523;11;10;5;1215;1;2;3;1.0;3.0;440;., LATTRE DE TASSIGNY(BO;;;;650
201100038530;11;10;16;1135;1;2;1;1.0;6.0;440;104, CORPS FRANC POMMIES;;;;650
201100038533;11;10;22;1225;1;2;1;1.0;3.0;331;111, LOURDES (AVENUE DE);;;;650
201100038542;11;11;27;1030;1;2;1;5.0;2.0;100;., CROIZAT (RUE A.);;;;650
201100038547;11;12;7;2125;5;2;2;1.0;3.0;440;., CLEMENCEAU (RUE GEORG;;;;650
201100038558;11;1;13;1700;1;2;1;1.0;2.0;136;., MASSANE (AVENUE DE LA;M;4269804.0;287242.0;660
201100038635;11;6;15;905;1;2;1;1.0;1.0;136;7, LAVOISIER (ANTOINE);M;4269419.0;290126.0;660
201100038652;11;8;4;730;1;2;1;1.0;3.0;136;5, PALMAROLE (COURS FRAN;M;4270237.0;289510.0;660
201100038659;11;8;24;1750;1;2;1;1.0;3.0;136;MASSANE (AVENUE DE LA);M;4269733.0;287254.0;660
201100038675;11;9;26;1213;1;2;1;1.0;6.0;136;., PASSIO-VELLA (CHEMIN;M;4268092.0;289616.0;660
201100038713;11;12;2;1830;2;2;1;1.0;3.0;136;0, BLANC AVENUE ROSETTE;M;4269940.0;291673.0;660
201100038715;11;12;14;1650;1;2;1;1.0;3.0;136;37, ALBERT MARCELLIN;M;4268922.0;289323.0;660
201100038721;11;3;18;1320;1;2;3;1.0;3.0;180;TROMPETTE (RUE DU);;;;670
201100038726;11;5;20;1140;1;1;1;1.0;1.0;180;RHIN (ROUTE DU);;;;670
201100038729;11;7;11;745;1;2;9;1.0;2.0;180;02, REDOUTE (RUE DE LA);;;;670
201100038742;11;7;23;1635;1;2;1;1.0;3.0;462;17, EBERSHEIM (RUE D);;;;670
201100038751;11;1;8;750;1;2;2;2.0;3.0;482;SPV, RUE DE LA LAMPROIE;;;;670
201100038758;11;1;14;1950;5;2;2;1.0;3.0;482;0, POLYGONE (ROUTE DU);;;;670
201100038762;11;1;17;1210;1;2;1;1.0;3.0;204;SPV, 20 RUE DE LA VILLE;;;;670
201100038768;11;1;21;1950;5;2;1;1.0;6.0;482;SPV, 15 ALLEE ROBERTSAU;;;;670
201100038774;11;1;28;645;5;2;2;1.0;6.0;447;SPV, RTE GEN.DE GAULLE;;;;670
201100038777;11;1;30;1900;4;2;3;1.0;3.0;447;SPV, ROUTE GEN.DE GAULLE;;;;670
201100038782;11;2;4;1350;1;2;1;1.0;6.0;482;SPV, 22 RUE 22 NOVEMBRE;;;;670
201100038785;11;2;10;820;1;2;3;1.0;3.0;482;VEAUX (RUE DES);;;;670
201100038788;11;2;12;1710;1;2;3;1.0;3.0;218;0, ESPERANCE (RUE DE L );;;;670
201100038790;11;2;14;705;2;2;3;1.0;6.0;482;ENGELBREIT (RUE DE L );;;;670
201100038791;11;2;14;1055;1;2;1;1.0;6.0;482;RENE CASSIN (ALLEE);;;;670
201100038797;11;2;16;1545;1;2;1;1.0;3.0;482;203, COLMAR (AVENUE DE);;;;670
201100038800;11;2;20;550;5;2;1;1.0;1.0;482;0, MARCEL PROUST (RUE);;;;670
201100038806;11;2;25;1710;1;2;1;1.0;3.0;218;0, STRASBOURG (ROUTE DE);;;;670
201100038819;11;3;9;805;1;2;3;1.0;3.0;447;0, GENERAL DE GAULLE (RO;;;;670
201100038822;11;3;14;815;1;2;1;1.0;6.0;447;93, BISCHWILLER (ROUTE D;;;;670
201100038835;11;3;23;1250;1;2;3;1.0;6.0;482;0, YSER (RUE DE L );;;;670
201100038842;11;3;31;1315;1;2;3;2.0;3.0;447;00, MARAIS (RUE DU);;;;670
201100038848;11;4;3;1725;1;2;1;1.0;3.0;482;63, LA FONTAINE (BOULEVA;;;;670
201100038850;11;4;4;1030;1;2;1;1.0;6.0;482;00, PREMIERE ARMEE (RUE;;;;670
201100038857;11;4;7;1608;1;2;3;1.0;3.0;482;0, POLYGONE (ROUTE DU);;;;670
201100038858;11;4;7;1615;1;2;2;2.0;5.0;482;0, BROGLIE (PLACE);;;;670
201100038860;11;4;8;1640;1;2;1;1.0;6.0;218;0, ROSEAUX (RUE DES);;;;670
201100038866;11;4;11;1135;1;2;1;1.0;3.0;482;35, FOSSE RIEPBERG (RUE;;;;670
201100038869;11;4;12;1905;1;2;3;1.0;3.0;482;0, LONDRES (RUE DE);;;;670
201100038873;11;4;15;850;1;2;1;1.0;6.0;482;8, ERNEST MUNCH (RUE);;;;670
201100038874;11;4;15;1315;1;2;1;1.0;6.0;482;8, BATELIERS (QUAI DES);;;;670
201100038876;11;4;19;1035;1;2;1;1.0;6.0;482;19, RATHSAMHAUSEN (RUE D;;;;670
201100038879;11;4;21;1645;1;2;2;1.0;3.0;43;0, BISCHWILLER (ROUTE DE;;;;670
201100038888;11;4;29;800;1;2;1;1.0;6.0;482;7, BRIGADE ALSACE LORRAI;;;;670
201100038898;11;5;5;1240;1;2;2;1.0;3.0;447;00, MARAIS (RUE DU);;;;670
201100038901;11;5;9;1350;1;2;2;1.0;3.0;482;0, CARMES (RUE DES);;;;670
201100038903;11;5;11;1355;1;2;3;2.0;3.0;218;INDUSTRIE (RUE DE L );;;;670
201100038908;11;5;13;1700;1;2;1;1.0;6.0;204;7, BRUMATH (ROUTE DE);;;;670
201100038909;11;5;13;1745;1;2;6;1.0;1.0;218;0, ILL (QUAI DE L );;;;670
201100038910;11;5;14;1040;1;2;1;1.0;3.0;482;30, YSER (RUE DE L );;;;670
201100038911;11;5;16;850;1;2;1;1.0;1.0;482;0, LOUIS PASTEUR (QUAI);;;;670
201100038914;11;5;19;2147;5;2;3;1.0;3.0;482;00, FONDERIE (RUE DE LA);;;;670
201100038918;11;5;20;2045;1;2;6;1.0;3.0;482;0, HAGUENAU (RUE DE);;;;670
201100038921;11;5;24;1940;1;2;1;1.0;6.0;482;00, EDMOND LABBE (RUE);;;;670
201100038923;11;5;25;1830;2;2;6;1.0;3.0;204;00, DURANCE (RUE DE LA);;;;670
201100038928;11;5;30;930;1;2;3;1.0;3.0;482;0, JACOUTOT (QUAI);;;;670
201100038931;11;5;30;1406;1;2;1;1.0;6.0;482;0, FORET NOIRE (AVENUE D;;;;670
201100038933;11;5;30;2310;5;2;2;1.0;3.0;482;0, ORCHIDEES (RUE DES);;;;670
201100038938;11;6;1;1909;1;2;1;1.0;3.0;482;28, AUGUSTIN FRESNEL (RU;;;;670
201100038945;11;6;6;1800;1;2;1;1.0;3.0;482;28, AUGUSTIN FRESNEL (RU;;;;670
201100038946;11;6;6;1810;1;2;1;1.0;6.0;482;24, SAINT NICOLAS (QUAI);;;;670
201100038948;11;6;7;1520;1;2;1;1.0;3.0;204;00, MARECHAL LECLERC (RU;;;;670
201100038954;11;6;10;1120;1;2;1;1.0;6.0;482;46, GRANDES ARCADES (RUE;;;;670
201100038956;11;6;11;1445;1;2;2;1.0;3.0;204;0, FLECKENSTEIN (RUE DU);;;;670
201100038957;11;6;11;1825;1;2;1;1.0;6.0;482;18, SAINT JOSEPH (RUE);;;;670
201100038960;11;6;14;730;1;2;5;1.0;3.0;482;0, SCHUTZENBERGER (AVENU;;;;670
201100038961;11;6;14;1110;1;2;1;1.0;3.0;267;25, MARECHAL FOCH (RUE D;;;;670
201100038963;11;6;14;2050;1;2;1;1.0;1.0;482;0, SAALES (RUE DE);;;;670
201100038966;11;6;16;1250;1;2;1;1.0;3.0;43;1, MARAIS (RUE DU);;;;670
201100038968;11;6;23;835;1;2;7;1.0;3.0;482;BRUMATH (ROUTE DE);;;;670
201100038970;11;6;23;1900;1;2;3;1.0;3.0;482;0, BAN DE LA ROCHE (RUE;;;;670
201100038971;11;6;23;2108;2;2;2;8.0;3.0;43;0, ROBERT KIEFFER (RUE);;;;670
201100038973;11;6;24;1625;1;2;1;1.0;2.0;482;13, BOUCHERS (RUE DES);;;;670
201100038974;11;6;24;2140;2;2;3;1.0;3.0;482;0, VEAUX (RUE DES);;;;670
201100038975;11;6;25;1040;1;2;2;1.0;3.0;482;0, VIRGILE (RUE);;;;670
201100038976;11;6;26;1859;1;2;2;1.0;3.0;482;0, OBERHAUSBERGEN (ROUTE;;;;670
201100038977;11;6;27;1945;1;2;3;1.0;3.0;43;0, ROBERTSAU (RUE DE LA);;;;670
201100038984;11;7;1;1745;1;2;1;1.0;6.0;482;4, GENERAL KOENIG (QUAI;;;;670
201100038985;11;7;1;1755;1;2;1;1.0;3.0;267;0, MOLSHEIM (RUE DE);;;;670
201100038987;11;7;4;1625;1;2;1;1.0;3.0;482;0, ROME (RUE DE);;;;670
201100038994;11;7;7;1635;1;2;3;2.0;3.0;482;0, KRUTENAU (RUE DE LA);;;;670
201100038997;11;7;9;917;1;2;1;1.0;3.0;482;26, JEAN JAURES (AVENUE);;;;670
201100038999;11;7;11;1530;1;2;1;1.0;1.0;267;0, SCHUMAN (AVENUE);;;;670
201100039000;11;7;11;1710;1;2;1;1.0;6.0;482;4, NEUHOF (ROUTE);;;;670
201100039007;11;7;15;1040;1;2;1;1.0;6.0;447;15, MUNDOLSHEIM (RUE DE);;;;670
201100039009;11;7;15;2050;1;2;2;1.0;3.0;482;FRAN?OIS MITTERRAND (AVE;;;;670
201100039017;11;7;29;740;2;2;1;1.0;3.0;482;ETOILE (PLACE DE L );;;;670
201100039023;11;8;5;1801;1;2;1;1.0;6.0;482;43, MITTELHAUSBERGEN (RO;;;;670
201100039029;11;8;12;1445;1;2;2;1.0;3.0;43;TUILERIE (RUE DE LA);;;;670
201100039032;11;8;12;1800;1;2;2;1.0;3.0;482;00, NORMANDIE (AVENUE DE;;;;670
201100039041;11;8;19;1907;1;2;2;1.0;3.0;482;00, KURVAU (RUE DE LA);;;;670
201100039049;11;8;25;1757;1;2;2;1.0;3.0;482;1, LYON (BOULEVARD DE);;;;670
201100039055;11;8;29;1410;1;2;1;1.0;3.0;482;CRANACH (RUE);;;;670
201100039057;11;8;30;900;1;2;2;1.0;3.0;482;00, JESUITES (RUE DES);;;;670
201100039064;11;9;3;400;5;2;2;1.0;3.0;482;0, MOLSHEIM (RUE DE);;;;670
201100039068;11;9;6;825;1;2;1;1.0;2.0;482;105, SCHIRMECK (ROUTE DE;;;;670
201100039069;11;9;6;1000;1;2;3;1.0;3.0;482;0, WISSEMBOURG (RUE DE);;;;670
201100039073;11;9;8;845;1;2;2;1.0;3.0;482;00, OBERHAUSBERGEN (ROUT;;;;670
201100039074;11;9;8;1335;1;2;2;1.0;3.0;482;0, ZORN (QUAI);;;;670
201100039078;11;9;12;610;2;2;2;1.0;3.0;482;0, RHIN (ROUTE DU);;;;670
201100039080;11;9;12;1530;1;1;2;1.0;3.0;218;0, STRASBOURG (ROUTE DE);;;;670
201100039083;11;9;14;1205;1;2;3;1.0;3.0;482;0, PALERME (RUE DE);;;;670
201100039085;11;9;16;940;1;2;2;1.0;3.0;482;0, RHIN (ROUTE DU);;;;670
201100039086;11;9;16;1250;1;2;2;1.0;3.0;482;00, BERLIOZ (RUE);;;;670
201100039093;11;9;23;1035;1;2;1;1.0;2.0;482;14, ORANGERIE (BOULEVARD;;;;670
201100039094;11;9;23;1540;1;2;7;1.0;3.0;482;GOLBERY (PLACE);;;;670
201100039099;11;9;25;1835;1;2;3;1.0;3.0;482;0, YSER (RUE DE L );;;;670
201100039106;11;9;28;1708;1;2;1;1.0;3.0;482;267, COLMAR (AVENUE DE);;;;670
201100039110;11;9;29;1838;1;2;1;1.0;3.0;482;00, NEUHOF (ROUTE);;;;670
201100039111;11;9;29;2010;5;2;1;1.0;6.0;482;6, KOCH (QUAI);;;;670
201100039113;11;9;30;855;1;2;1;1.0;6.0;447;6, BARRAGE (RUE DU);;;;670
201100039116;11;10;1;958;1;2;2;1.0;3.0;482;0, JEAN JAURES (AVENUE);;;;670
201100039118;11;10;5;1327;1;2;1;1.0;6.0;482;4, GUTENBERG (PLACE);;;;670
201100039120;11;10;6;845;1;2;1;1.0;3.0;482;29, SCHWEIGHAEUSER (RUE);;;;670
201100039122;11;10;6;1930;5;2;3;3.0;3.0;482;31, RATHSAMHAUSEN (RUE D;;;;670
201100039127;11;10;10;1850;1;2;1;1.0;3.0;482;GEORGES WODLI (RUE);;;;670
201100039129;11;10;11;1700;1;2;1;1.0;3.0;482;00, NEUHOF (ROUTE);;;;670
201100039141;11;10;19;1652;1;2;2;1.0;3.0;482;0, ALPES (QUAI DES);;;;670
201100039144;11;10;20;950;1;2;3;1.0;3.0;482;0, RHIN (ROUTE DU);;;;670
201100039164;11;11;5;1140;1;2;1;1.0;3.0;365;00, 23 NOVEMBRE (RUE DU);;;;670
201100039165;11;11;5;1200;1;2;1;1.0;6.0;482;00, MAIRE DIETRICH (QUAI;;;;670
201100039166;11;11;5;1250;1;2;1;1.0;1.0;482;00, BRUMATH (ROUTE DE);;;;670
201100039167;11;11;6;1310;1;2;1;1.0;3.0;482;25, FRAN?OIS MITTERRAND;;;;670