Num_Acc;an;mois;jour;hrmn;lum;agg;int;atm;col;com;adr;gps;lat;long;dep
201100039185;11;11;16;1130;1;2;1;1.0;6.0;482;40, MARNE (BOULEVARD DE;;;;670
201100039188;11;11;17;1640;2;2;3;1.0;3.0;43;1, MAGASINS (RUE DES);;;;670
201100039197;11;11;24;1415;1;2;2;8.0;3.0;482;CLEMENT (RUE);;;;670
201100039207;11;12;1;750;1;2;1;1.0;3.0;447;0, GENERAL DE GAULLE (RO;;;;670
201100039208;11;12;1;820;1;2;3;1.0;3.0;43;0, NOYER (RUE DU);;;;670
201100039213;11;12;5;855;1;2;2;1.0;3.0;482;0, FOSSE DES TREIZE (RUE;;;;670
201100039216;11;12;5;1350;1;2;1;1.0;3.0;482;4, STOCKHOLM (RUE DE);;;;670
201100039218;11;12;6;945;2;1;2;2.0;3.0;482;0, SELESTAT (RUE DE);;;;670
201100039219;11;12;6;1623;2;2;1;2.0;6.0;482;26, REMPART (RUE DU);;;;670
201100039226;11;12;9;1845;5;2;2;3.0;3.0;482;00, POLYGONE (ROUTE DU);;;;670
201100039229;11;12;12;1620;1;2;1;1.0;3.0;482;0, CHRISTIAN PFISTER (AV;;;;670
201100039243;11;12;28;1415;1;2;1;1.0;6.0;482;20, LIVIO (RUE);;;;670
201100039245;11;12;28;2110;5;2;2;1.0;3.0;482;0, SCHIRMECK (ROUTE DE);;;;670
201100039246;11;12;29;2115;5;2;2;2.0;6.0;447;0, TRIBUNAL (RUE DU);;;;670
201100039254;11;2;7;1330;1;2;1;1.0;3.0;66;14, ALTKIRCH (RUE D');M;4806819.0;734403.0;680
201100039267;11;4;29;1635;1;2;7;1.0;6.0;66;9, SERRURIERS (RUE DES);M;4807803.0;735704.0;680
201100039269;11;5;4;1715;1;2;2;1.0;6.0;66;POINCARE (AVENUE RAYMOND;M;4807170.0;734874.0;680
201100039271;11;5;5;1625;1;2;2;2.0;3.0;66;18, ST JOSEPH (PLACE);M;4808220.0;734736.0;680
201100039272;11;5;13;835;1;2;6;1.0;3.0;66;16, DE GAULLE (AVENUE DU;M;4807472.0;734427.0;680
201100039273;11;5;16;1545;1;2;1;1.0;3.0;66;16, FOCH (AVENUE);M;4806762.0;735241.0;680
201100039279;11;6;6;1910;1;2;1;1.0;6.0;66;4, MADRID (RUE DE);M;4807851.0;732871.0;680
201100039283;11;6;14;1355;1;2;3;1.0;3.0;66;16, TURCKHEIM (RUE DE);M;4807861.0;734168.0;680
201100039297;11;8;23;834;1;2;2;1.0;3.0;66;01, ALSACE (RUE D');M;4808094.0;736431.0;680
201100039304;11;9;7;1325;1;2;3;2.0;3.0;66;36, LADHOF (RUE DU);M;4808518.0;736704.0;680
201100039309;11;9;27;1500;1;2;1;1.0;6.0;66;39, LIBERTE (AVENUE DE L;M;4807725.0;733670.0;680
201100039313;11;10;11;725;2;2;6;1.0;3.0;66;CURIE (RUE);M;4810761.0;737968.0;680
201100039314;11;10;15;1050;1;2;1;1.0;6.0;66;5, CHAMP DE MARS (BLD DU;M;4807763.0;735477.0;680
201100039317;11;10;21;1400;1;2;1;1.0;6.0;66;63, LOGELBACH ( RUE DU);M;4808312.0;733939.0;680
201100039318;11;10;23;1315;1;2;6;1.0;6.0;66;DE GAULLE (AVENUE DU GEN;M;4807494.0;734470.0;680
201100039321;11;11;25;1635;2;2;2;1.0;6.0;66;1, MEQUILLET (RUE CAMILL;M;4806783.0;734571.0;680
201100039334;11;6;17;1325;1;1;3;1.0;3.0;112;, ISSENHEIM (ROUTE D');M;4790285.0;722678.0;680
201100039344;11;2;10;710;2;2;6;8.0;1.0;271;1A, MULHOUSE (RUE DE);M;4775650.0;737883.0;680
201100039357;11;3;29;1822;1;2;1;1.0;3.0;224;2, ALGER (QUAI D');M;4774461.0;734586.0;680
201100039361;11;4;16;1640;1;2;2;1.0;3.0;56;DORNACH (RUE DE);M;4773159.0;731910.0;680
201100039363;11;4;28;1445;1;2;1;1.0;3.0;224;24, REPOS (AVENUE DU);M;4776090.0;734440.0;680
201100039368;11;5;17;857;1;2;1;1.0;1.0;224;15, DUNKERQUE (RUE DE);M;4777616.0;731822.0;680
201100039374;11;6;5;1421;1;2;1;1.0;3.0;224;08-10, ZUBER (RUE);M;4774592.0;734563.0;680
201100039376;11;6;3;2200;5;2;1;1.0;1.0;224;26, SINNE (RUE DE LA);M;4774494.0;733897.0;680
201100039390;11;8;5;1715;1;2;1;1.0;1.0;224;37, STOESSEL (BOULEVARD;M;;;680
201100039398;11;8;31;953;1;2;1;7.0;3.0;224;1, EUROPE (BOULEVARD DE;M;4774966.0;734096.0;680
201100039399;11;9;3;1155;1;2;3;1.0;3.0;224;47, FRANKLIN (RUE);M;4775100.0;733169.0;680
201100039404;11;9;12;2055;5;2;3;1.0;3.0;224;20, PASTEUR (RUE LOUIS);M;4774860.0;734099.0;680
201100039407;11;10;5;1625;1;2;2;1.0;3.0;224;30, ORPHELINS (RUE DES);M;4775224.0;733574.0;680
201100039409;11;10;6;955;1;2;1;1.0;6.0;271;363, BALE (RUE DE);M;4775382.0;736418.0;680
201100039412;11;10;29;1440;1;2;1;1.0;3.0;224;SCHUMAN (AVENUE ROBERT);M;4775438.0;734614.0;680
201100039422;11;11;30;1610;1;2;1;1.0;3.0;224;03, AGEN (RUE D');M;4776104.0;733893.0;680
201100039424;11;12;5;624;3;2;1;1.0;2.0;224;ROMAINS (RUE DES);M;4777691.0;733080.0;680
201100039430;11;2;5;1505;1;2;3;1.0;1.0;149;ST-LOUIS ( RUE DE );M;4759111.0;757443.0;680
201100039434;11;8;22;1530;1;2;2;1.0;3.0;149;18, FOCH ( RUE DU MARECH;M;4759247.0;758523.0;680
201100039439;11;10;11;1925;5;2;1;1.0;3.0;297;19, DE GAULLE( AVE DU GL;M;4758495.0;756176.0;680
201100039441;11;3;14;1620;1;2;3;7.0;3.0;376;44, SOULTZ(ROUTE DE);M;4780321.0;731186.0;680
201100039445;11;6;16;655;1;2;6;1.0;6.0;166;3, BEARN (RUE DU);M;4779135.0;732188.0;680
201100039448;11;8;12;855;1;2;1;1.0;3.0;166;33, GUEBWILLER (RUE DE);M;4778290.0;731675.0;680
201100039449;11;8;24;1330;1;2;1;1.0;3.0;376;50, MINES (RUE DES);M;4780439.0;733066.0;680
201100039461;11;4;15;1330;1;2;1;1.0;3.0;29;95, BOULEVARD PINEL;;;;690
201100039480;11;11;29;1815;5;2;1;1.0;3.0;29;47, AVENUE CAMILLE ROUSS;;;;690
201100039502;11;5;23;1045;1;2;2;1.0;6.0;34;00, QUAI CLEMENCEAU;;;;690
201100039520;11;10;26;920;1;2;1;1.0;3.0;34;22, COURS ARISTIDE BRIAN;;;;690
201100039539;11;6;21;740;1;2;2;1.0;6.0;91;, GIZARD (DE) (CH);;;;690
201100039550;11;9;13;1730;1;2;1;1.0;2.0;91;10, EDOUART IDOUX ( R );;;;690
201100039556;11;11;10;730;2;2;1;1.0;3.0;91;3, EDOUART IDOUX ( R );;;;690
201100039561;11;12;15;1505;1;2;3;1.0;6.0;91;x, RIVE DE GIER (DE) (RT;;;;690
201100039599;11;8;18;940;1;2;9;1.0;3.0;149;121, GRANDE RUE;M;0.0;0.0;690
201100039633;11;5;6;1715;1;2;1;1.0;3.0;256;DIGUE (DE LA);;;;690
201100039648;11;7;23;1307;1;2;3;1.0;3.0;256;1, MARIE CLAIRE PETIT;;;;690
201100039703;11;4;15;1425;1;2;1;1.0;1.0;259;91, RUE DES MARTYRS DE L;;;;690
201100039709;11;5;8;1830;1;2;1;1.0;1.0;276;0, ROUTE DE VENISSIEUX;;;;690
201100039714;11;5;17;1130;1;2;1;1.0;2.0;259;0, RUE DU CLOS VERGER;;;;690
201100039717;11;5;29;2010;1;2;1;1.0;1.0;276;0, RUE DES CHARRIERES;;;;690
201100039724;11;6;14;1900;1;2;1;1.0;3.0;259;12, ALLEE DES ACACIAS;;;;690
201100039760;11;10;1;1455;1;2;9;1.0;1.0;259;0, BOULEVARD DU STADE;;;;690
201100039801;11;1;31;1900;5;2;6;1.0;3.0;264;BURDEAU   BD ( HORS GEAN;;;;690
201100039813;11;4;20;615;2;2;5;1.0;3.0;264;LECLERC GENERAL  BD;;;;690
201100039816;11;7;16;1635;1;2;1;1.0;3.0;264;QUARANTAINE  RUE DE LA;;;;690
201100039817;11;7;31;300;5;2;1;1.0;6.0;264;LECLERC GENERAL  BD;;;;690
201100039858;11;6;18;1900;1;2;1;1.0;6.0;266;20, RUE DU CANAL;;;;690
201100039865;11;7;23;1900;1;2;1;2.0;6.0;266;35, RUE COLIN;;;;690
201100039870;11;8;12;815;1;2;2;1.0;6.0;266;RUE LOUIS GUERIN;;;;690
201100039926;11;11;23;1430;1;2;1;1.0;3.0;275;37, RUE VAUCANSON;;;;690
201100039947;11;11;7;1735;5;2;6;1.0;3.0;286;AVENUE DES COMBATTANTS E;;;;690
201100039958;11;2;23;1640;1;2;6;1.0;3.0;290;0, ROND-POINT DES DROITS;;;;690
201100039977;11;5;20;1930;1;2;1;1.0;3.0;290;23, RUE HENRI BARBUSSE;;;;690
201100040012;11;9;30;1330;1;2;1;1.0;3.0;290;86, RUE ANATOLE FRANCE;;;;690
201100040018;11;10;27;1830;2;2;2;2.0;3.0;290;0, AVENUE HELENE BOUCHER;;;;690
201100040021;11;11;10;1305;1;2;1;1.0;6.0;290;0, RUE EDMOND ROSTAND;;;;690
201100040030;11;12;25;950;1;2;6;1.0;6.0;290;0, RUE DE CHAVORLAY;;;;690
201100040035;11;4;26;1805;1;2;3;1.0;3.0;285;2, LE CORBUSIER (impasse;;;;700
201100040040;11;9;20;1810;1;2;6;1.0;3.0;285;LATTRE DE TASSIGNY;;;;700
201100040054;11;4;18;1005;1;2;6;1.0;3.0;550;CURIE (RUE PIERRE);;;;700
201100040058;11;5;9;1945;1;2;1;1.0;3.0;550;27, BIANKOUMA ET SIPILOU;;;;700
201100040059;11;5;13;1625;1;2;1;1.0;3.0;550;42, GAULLE (BOULEVARD CH;;;;700
201100040064;11;9;3;1025;1;1;3;1.0;3.0;513;PUSEY (ROUTE DE);;;;700
201100040067;11;9;19;1615;1;2;3;1.0;3.0;550;BARBIER (QUAI YVES);;;;700
201100040090;11;6;27;1050;1;2;9;1.0;3.0;76;GIDE (RUE ANDRE);M;4679760.0;484401.0;710
201100040097;11;8;7;1750;1;2;1;1.0;2.0;76;134 EME RI  (RUE);A;927915.0;0.0;710
201100040118;11;5;18;1215;1;2;1;1.0;6.0;153;MARMAGNE (ROUTE DE);A;928714.0;0.0;710
201100040120;11;6;24;1139;1;2;1;1.0;1.0;153;SAINT SERNIN (ROUTE DE);A;929391.0;0.0;710
201100040133;11;2;8;725;2;2;3;1.0;3.0;270;1, PARKING AUCHAN/CORPS;M;;;710
201100040165;11;11;12;1645;1;2;1;1.0;3.0;260;1, CHEMIN DES GRANDS SIL;;;;710
201100040176;11;5;31;1900;1;2;1;1.0;1.0;499;21, CARNOT (RUE);A;915051.0;0.0;710
201100040184;11;9;20;825;1;2;1;1.0;2.0;306;101, COUDRAIE (RUE DE LA;M;4669200.0;434849.0;710
201100040211;11;1;21;1630;1;2;3;1.0;3.0;181;LEFAUCHEUX PIERRE (BD);;;;720
201100040227;11;2;2;815;5;2;1;1.0;2.0;181;SAVORGNAN DE BRAZZA (AV);;;;720
201100040240;11;2;16;755;5;2;3;2.0;3.0;181;LAROCHE (RUE);;;;720
201100040246;11;2;23;1530;1;1;1;2.0;2.0;95;PREM DIV FRANCAISE LIBRE;;;;720
201100040260;11;3;8;1730;1;2;2;1.0;3.0;181;ANATOLE FRANCE (BD );;;;720
201100040265;11;3;13;1018;1;2;2;1.0;3.0;181;CHANZY (RUE)  N° PAIRS 2;;;;720
201100040269;11;3;15;1735;1;2;1;1.0;6.0;181;106, SABLE (RTE DE );;;;720
201100040275;11;3;22;1800;1;2;1;1.0;6.0;3;33, 19 MARS 1962 (AV);;;;720
201100040284;11;4;2;1810;1;2;3;1.0;3.0;181;ANATOLE FRANCE (BD );;;;720
201100040289;11;4;11;1250;1;2;1;1.0;6.0;181;13, YZEUX (AV) N° IMP 1;;;;720
201100040299;11;4;18;1153;1;2;1;1.0;3.0;95;SAINT NICOLAS (BD);;;;720
201100040337;11;5;25;1815;1;2;6;1.0;3.0;181;ALLONNES PONT ROUGE (RTE;;;;720
201100040339;11;5;27;2310;5;2;1;1.0;6.0;181;207, DURAND GEORGES (AV);;;;720
201100040351;11;6;10;1855;1;2;6;1.0;6.0;181;DURAND GEORGES (AV) N? I;;;;720
201100040354;11;6;16;1405;1;2;1;1.0;6.0;181;JAURES JEAN (AV) N? PAIR;;;;720
201100040364;11;6;27;920;1;2;6;1.0;3.0;181;EPAU (RUE DE L');;;;720
201100040379;11;7;18;1348;1;2;7;1.0;3.0;181;117E RI (PL DU);;;;720
201100040391;11;8;5;1615;1;2;6;1.0;6.0;181;ISAAC (RUE) N? IMP 1 A 1;;;;720
201100040404;11;9;9;1200;1;2;1;1.0;7.0;181;77, HEUZE OLIVIER (AV) N;;;;720
201100040435;11;11;2;2145;5;2;6;1.0;3.0;181;DURAND GEORGES (AV) N? I;;;;720
201100040464;11;5;23;1120;1;2;6;1.0;3.0;8;CHARCOT  BOULEVARD JEAN;;;;730
201100040465;11;5;7;1140;1;2;1;1.0;6.0;8;212, GRAND PORT (JUSQU'A;;;;730
201100040477;11;5;23;1650;1;2;1;1.0;2.0;11;TOURS (ROUTE DE);M;4566424.0;642761.0;730
201100040487;11;2;15;2115;4;2;2;1.0;3.0;29;CHALLES (ROUTE DE);M;4556953.0;594502.0;730
201100040489;11;4;17;1655;1;2;3;1.0;3.0;65;ONZE NOVEMBRE ( QUAI DU);M;4556761.0;593770.0;730
201100040490;11;4;6;1500;1;2;1;1.0;3.0;65;LABIAZ (ROUTE DE);M;4557629.0;588802.0;730
201100040494;11;5;26;1120;1;2;6;1.0;3.0;65;Rte Lyon/Bd H Bordeaux;M;4556367.0;590334.0;730
201100040505;11;8;1;1735;1;2;1;1.0;3.0;65;293, PARKING GARES ROUTI;M;4557007.0;592019.0;730
201100040506;11;8;2;545;3;2;1;1.0;6.0;65;806, LANDIERS (AVENUE DE;M;4559223.0;590253.0;730
201100040518;11;2;8;1005;1;2;3;1.0;6.0;10;PLAINE / ANEMONES;;;;740
201100040523;11;4;21;1425;1;2;6;1.0;6.0;10;PLAINE / GAMBETTA;;;;740
201100040528;11;6;6;1615;1;2;6;1.0;6.0;10;AV. VIGNIERES/THONES;;;;740
201100040529;11;6;14;2010;1;2;6;1.0;6.0;10;14, Bd lycee/Bd Nicollet;;;;740
201100040544;11;10;17;710;2;2;3;1.0;6.0;10;., ALBIGNY (AVE);;;;740
201100040562;11;9;24;1220;1;2;6;1.0;2.0;12;ROMAGNY / FLORISSANT;;;;740
201100040589;11;10;5;1520;1;2;1;1.0;3.0;218;AV THONON/IMPASSE BOTTE;;;;740
201100040648;11;6;20;728;1;2;1;2.0;3.0;217;D925;M;4992340.0;111178.0;760
201100040673;11;8;23;1435;1;2;1;1.0;3.0;217;R  GEORGES KRUMEICH;M;4990767.0;106324.0;760
201100040708;11;10;28;1515;1;1;1;1.0;7.0;391;1, RTE FOREST LOUVETERIE;M;4933970.0;93988.0;760
201100040721;11;3;24;1530;1;2;3;1.0;3.0;165;R DE LA REPUBLIQUE;M;4927560.0;103434.0;760
201100040732;11;9;25;1600;1;2;2;1.0;3.0;259;61, R CHARLES LEBORGNE;M;4975467.0;37196.0;760
201100040783;11;3;9;750;1;2;2;1.0;7.0;351;107 R JULES LECESNE;M;4949310.0;12007.0;760
201100040790;11;3;26;1205;1;2;3;1.0;3.0;351;R JEAN JACQUES ROUSSEAU;M;4949960.0;13070.0;760
201100040800;11;4;10;1410;1;2;1;1.0;2.0;270;4, R DU BOIS;M;4953290.0;14030.0;760
201100040847;11;7;8;2240;2;2;1;1.0;2.0;351;PONT J J ROUSSEAU;M;4949260.0;13219.0;760
201100040856;11;7;19;1615;1;1;1;1.0;6.0;351;RTE DE L ESTUAIRE;M;4945860.0;19897.0;760
201100040864;11;7;28;1730;1;2;3;1.0;3.0;351;274 R ARISTIDE BRIAND;M;4950030.0;13580.0;760
201100040872;11;8;3;1720;1;2;1;1.0;2.0;351;94/96, GEORGES LAFAURIE;M;4950158.0;11583.0;760
201100040896;11;9;11;2120;5;2;1;1.0;7.0;351;104, CRS REPUBLIQUE;M;4949731.0;12796.0;760
201100040937;11;11;1;1650;1;2;2;1.0;3.0;351;57, R FRANCOIS MAZELINE;M;4949770.0;13741.0;760
201100040979;11;3;17;740;1;2;1;1.0;2.0;447;AV DE LA BELLE ETOILE;M;4953890.0;17432.0;760
201100040980;11;4;7;1730;1;2;1;1.0;2.0;351;36 BD ALBERT 1ER;M;4949830.0;9145.0;760
201100040982;11;5;8;1000;1;2;2;1.0;3.0;351;AV CIRCULAIRE/CH N 3;M;4952200.0;13473.0;760
201100040991;11;9;1;2100;1;2;1;1.0;6.0;351;17, R PASTEUR;M;4950308.0;13065.0;760
201100040998;11;11;23;940;1;2;1;1.0;3.0;681;33, R PAUL ELUARD;M;4940190.0;109929.0;760
201100041017;11;1;25;630;5;2;1;1.0;2.0;540;36 AV JEAN RONDEAUX;M;4943010.0;107249.0;760
201100041085;11;4;22;1325;1;2;1;1.0;3.0;681;BD INDUSTRIEL;M;4942310.0;110630.0;760
201100041089;11;5;3;1415;1;2;1;1.0;6.0;484;712, RTE DES ROCHES;M;4932570.0;103533.0;760
201100041104;11;5;18;1335;1;2;1;1.0;3.0;322;AV DES CANADIENS;M;4939260.0;105880.0;760
201100041119;11;5;31;2025;1;2;1;1.0;3.0;457;R LOUIS MOGUEN;M;4934220.0;96367.0;760
201100041122;11;4;22;1615;1;2;1;1.0;2.0;540;49 BD DES BELGES;M;4944360.0;108498.0;760
201100041153;11;7;6;1735;1;1;1;1.0;3.0;319;01, AV JEAN LAGARRIGUE;M;4933970.0;101462.0;760
201100041162;11;8;21;120;5;2;1;1.0;6.0;540;4 QU DE PARIS;M;4943650.0;110012.0;760
201100041164;11;8;21;1220;1;2;1;2.0;3.0;484;10, R MICHEL DUPRE;M;4933980.0;108979.0;760
201100041258;11;9;1;2025;5;2;1;1.0;1.0;108;15, COUDRIERS (ALLEE DES;M;4890010.0;260437.0;770
201100041263;11;10;20;1515;1;2;1;1.0;1.0;139;GENERAL DE GAULLE (AVENU;;;;770
201100041286;11;1;26;1500;1;2;1;2.0;3.0;131;60, FLORNOY BERTRAND  (R;M;4880983.0;308288.0;770
201100041290;11;2;24;535;5;2;6;2.0;3.0;131;ROND POINT DE LA GARE;;;;770
201100041297;11;3;24;1810;1;2;1;1.0;6.0;320;107, TRUCHOT (RUE);M;4882061.0;304559.0;770
201100041309;11;5;25;1830;1;2;1;1.0;6.0;320;74, LIETON (RUE DU);M;4882105.0;303977.0;770
201100041315;11;6;26;1325;1;2;2;7.0;3.0;13;1, VILLIERS A LA ROCHE (;M;4885045.0;305985.0;770
201100041328;11;9;2;1350;1;2;1;1.0;1.0;131;8, MARNE (BOULEVARD DE L;M;4880432.0;309138.0;770
201100041368;11;1;10;1930;3;1;1;1.0;2.0;441;d137 avon / samois/ bois;;;;770
201100041376;11;4;29;1535;1;2;3;1.0;3.0;37;50, DOUMER ( AVENUE PAUL;;;;770
201100041377;11;5;7;825;1;2;2;1.0;3.0;37;40, SIGRISTE (RUE GUIDO);M;4846485.0;269980.0;770
201100041382;11;6;15;1720;1;1;1;1.0;2.0;186;D137. PanONF thom. carr.;;;;770
201100041385;11;8;11;815;1;1;2;1.0;3.0;186;RD606. de la rochette ?;;;;770
201100041420;11;4;4;840;1;1;1;1.0;2.0;199;CD 228A;;;;770
201100041427;11;10;30;1835;3;1;1;1.0;2.0;199;CD 228A;;;;770
201100041470;11;10;1;1910;1;2;4;1.0;1.0;407;CALMANDE(ALLEE DE LA);M;4856495.0;254195.0;770
201100041475;11;11;7;749;1;2;1;1.0;7.0;288;FRETEAU DE PENY  (RUE DE;M;4853695.0;266932.0;770
201100041496;11;8;8;900;1;2;3;1.0;6.0;294;LONDRES (AVENUE DE);;;;770
201100041520;11;5;31;1430;1;2;1;1.0;3.0;445;CLOCHER (AVENUE DU);M;4858492.0;258165.0;770
201100041530;11;8;10;1450;1;2;6;1.0;5.0;251;CORBEIL (AVENUE DE);;;;770
201100041543;11;10;20;815;1;2;3;1.0;3.0;251;LAVOIR (CHEMIN DU);M;4863934.0;254326.0;770
201100041566;11;4;26;1115;1;1;3;1.0;3.0;482;ROUTE DEPARTEMENTALE 28A;;;;770
201100041576;11;5;20;1715;1;1;4;9.0;1.0;506;, D 403;;;;770
201100041603;11;2;21;2018;5;2;1;1.0;7.0;258;GABRIEL (RUE);M;4884085.0;263862.0;770
201100041613;11;6;4;2025;1;2;1;1.0;2.0;83;, EMILE ROUX (ALLEE);M;4885434.0;258049.0;770
201100041620;11;7;15;1835;1;2;1;1.0;3.0;146;GEORGES BIDAULT (BOULEVA;;;;770
201100041625;11;8;12;1115;1;2;1;1.0;7.0;468;6, REPUBLIQUE (RUE DE LA;M;4885503.0;264110.0;770
201100041638;11;11;25;1730;5;2;3;1.0;3.0;121;CENTRE COMMERCIAL REGION;M;4883726.0;266117.0;770
201100041656;11;4;13;2040;2;2;1;1.0;3.0;390;MONTHETY (ROUTE DE );M;4878436.0;264958.0;770
201100041661;11;5;11;1320;1;2;3;1.0;3.0;373;1, BEAUSEJOUR(AVENUE DE);M;4880309.0;261851.0;770
201100041666;11;6;27;1110;1;2;1;1.0;6.0;215;73, PARIS (RUE DE);;;;770
201100041679;11;9;29;1350;1;2;2;1.0;6.0;373;61, CHARLES ROUXEL (AVEN;M;4879402.0;260450.0;770
201100041707;11;3;16;1830;1;1;9;1.0;6.0;514;1, FLANDRE (AVENUE DE);M;4895030.0;261508.0;770
201100041741;11;8;29;1755;1;2;2;1.0;1.0;138;R GAL LECLERC/LEGRAND;;;;780
201100041746;11;1;18;1640;1;2;2;1.0;3.0;383;BD DU RHIN/R BASSIGNY;M;4877250.0;193978.0;780
201100041747;11;1;22;1130;1;2;2;1.0;6.0;208;BD MALRAUX/COUDRIETTE;M;4877800.0;194489.0;780
201100041812;11;3;30;1220;1;2;1;1.0;1.0;423;AV DES PRES;M;4878130.0;203194.0;780
201100041813;11;4;10;1915;1;2;7;1.0;3.0;297;PLC DE BEL EBAT;M;4876980.0;206996.0;780
201100041832;11;9;6;1840;1;2;1;1.0;6.0;423;R DU CHAMPS D'AVOINE;;;;780
201100041849;11;11;22;1840;5;2;1;1.0;3.0;297;face au 8 BD BEETHOVEN;;;;780
201100041863;11;3;6;1415;1;2;3;1.0;6.0;311;BD BARBUSSE/R J VALLES;M;4892680.0;219234.0;780
201100041868;11;6;7;1320;1;2;1;2.0;6.0;311;57 AV JJ ROUSSEAU;;;;780
201100041872;11;7;22;725;1;2;1;1.0;3.0;311;5 BIS R DU TONKIN;;;;780
201100041879;11;12;21;1315;1;2;3;2.0;3.0;311;R ARGONNE/J MACE;;;;780
201100041881;11;12;21;1640;1;2;3;1.0;3.0;311;R D'ALSACE/C PELETAN;;;;780
201100041884;11;11;7;900;1;2;1;1.0;3.0;311;13 R DE BAPAUME;;;;780
201100041904;11;3;30;1915;1;2;1;2.0;6.0;361;R PIERRE SEMARD;M;4899280.0;169453.0;780
201100041914;11;5;5;820;1;2;1;1.0;3.0;361;BD DES CYGNES;M;4899920.0;171388.0;780
201100041917;11;5;29;2025;1;2;1;1.0;6.0;362;61 R LOUISE MICHEL;M;4897630.0;170335.0;780
201100041941;11;12;14;1850;4;2;1;1.0;2.0;362;RTE DE ST GERMAIN;;;;780
201100041987;11;3;26;1230;1;2;3;1.0;3.0;609;RTE MEULAN/FERME AUBETTE;M;4901810.0;191253.0;780
201100041996;11;5;13;1815;1;2;1;7.0;1.0;29;R DU PLATEAU;M;4895680.0;186263.0;780
201100042017;11;7;20;950;1;2;3;1.0;3.0;401;BD THIERS/R ANNONCIADES;;;;780
201100042037;11;9;24;1650;1;2;3;1.0;3.0;401;RTE PONTOISE/POMPADOUR;;;;780
201100042089;11;5;19;2110;1;2;6;1.0;3.0;674;COTE ST NOM LA BRETECHE;M;4883000.0;199578.0;780
201100042096;11;7;7;2045;1;2;1;1.0;6.0;674;22 SENT ORME A LA BLONDE;;;;780
201100042111;11;12;5;1715;5;2;2;2.0;3.0;490;AV ST GERMAIN/EBISOIRES;;;;780
201100042152;11;8;21;945;1;2;3;1.0;1.0;624;R DE L'HAUTIL;;;;780
201100042154;11;8;31;850;1;2;2;1.0;3.0;498;BD DEVAUX/R CONSTANTI;;;;780
201100042155;11;9;14;935;1;2;1;1.0;2.0;624;RTE DE MAURECOURT;;;;780
201100042165;11;11;16;1735;5;2;1;1.0;6.0;123;RD 55;;;;780
201100042171;11;12;22;1910;5;2;1;1.0;3.0;123;163 R CLAUDE MONET;;;;780
201100042179;11;4;17;1830;1;2;1;1.0;3.0;498;2 R SAINT EXUPERY;M;4893790.0;205582.0;780
201100042182;11;4;23;2015;2;2;1;1.0;3.0;642;CHE DU ROUILLARD;M;4899200.0;196128.0;780
201100042194;11;9;21;1920;5;2;7;1.0;6.0;123;43 ALL DES LUPINS;;;;780
201100042215;11;5;12;1305;1;2;3;1.0;1.0;517;R CHOPIN/BACH;M;4865000.0;185051.0;780
201100042239;11;3;14;1712;1;2;2;1.0;3.0;545;AV DE GAULLE/PETIT CHAMP;M;4880440.0;207174.0;780
201100042241;11;4;27;1640;1;1;1;1.0;3.0;545;CHE DES AVENUES;M;4879350.0;206339.0;780
201100042266;11;5;5;905;1;2;3;1.0;3.0;551;N13/CHEMIN VERT;M;4872540.0;189240.0;780
201100042282;11;12;13;845;1;2;1;3.0;3.0;481;5 AV DE LA PAIX;;;;780
201100042288;11;1;2;1015;1;2;6;1.0;3.0;586;R MAUPASSANT/FRETTE;M;4894740.0;217104.0;780
201100042291;11;2;27;1450;1;2;3;1.0;3.0;586;FLAUBERT/ST EXUPERY;M;4894570.0;219449.0;780
201100042311;11;9;9;1730;1;2;3;7.0;1.0;586;R DE SOISSONS/AV RUDE;;;;780
201100042340;11;10;3;1100;1;2;3;1.0;1.0;621;R WALLON/LUTHER KING;;;;780
201100042347;11;2;17;1340;1;2;3;1.0;3.0;686;RD 10/PRES AU BOIS;M;4879890.0;215890.0;780
201100042369;11;6;8;1800;1;2;4;1.0;6.0;686;AV VERSAILLES/ALL VELIZY;;;;780
201100042395;11;3;28;1620;1;1;2;1.0;3.0;158;R DE TASSIGNY/DEBASSEUX;M;4881680.0;213652.0;780
201100042406;11;5;15;1010;1;2;3;1.0;3.0;117;FRERES ROBIN/REPUBLIQUE;M;4877560.0;212689.0;780
201100042407;11;5;15;1015;1;2;3;1.0;6.0;117;AV HUGUIER/R BLERIOT;M;4877660.0;212965.0;780
201100042408;11;5;16;830;1;1;1;1.0;2.0;524;RD 307;M;4883620.0;210057.0;780
201100042433;11;9;15;1505;1;2;3;1.0;3.0;646;R YVES LE COZ/R MOLIERE;;;;780
201100042439;11;10;10;855;1;2;1;1.0;6.0;646;117 BD DE LA REINE;;;;780
201100042452;11;6;22;1030;1;2;2;3.0;3.0;146;RD 186 / RD 321;;;;780