Num_Acc;an;mois;jour;hrmn;lum;agg;int;atm;col;com;adr;gps;lat;long;dep
201100042474;11;3;9;1605;1;2;1;1.0;7.0;191;RUE DU MARECHAL LECLERC;;;;790
201100042485;11;5;23;655;1;2;1;1.0;2.0;191;48 AVENUE DE PARIS;;;;790
201100042495;11;7;27;935;1;2;1;8.0;6.0;191;19 RUE DE LA GARE;;;;790
201100042500;11;9;2;1500;1;2;1;1.0;3.0;191;AVENUE DE SEVREAU;;;;790
201100042520;11;3;12;955;1;2;6;8.0;3.0;329;ROND POINT RENE CASSIN;;;;790
201100042526;11;4;7;1210;1;2;1;7.0;6.0;329;10 RUE PORTE DE PARIS;;;;790
201100042538;11;9;28;1815;1;2;3;1.0;3.0;329;48 AV. EMILE ZOLA;;;;790
201100042609;11;3;4;1755;1;2;2;1.0;3.0;21;00, LEON BLUM (RUE);;;;800
201100042625;11;3;21;1650;1;2;1;1.0;3.0;21;00, BELFORT (BOULEVARD D;;;;800
201100042639;11;4;7;1530;1;2;1;1.0;6.0;21;372, SAINT MAURICE (RUE);;;;800
201100042660;11;4;22;730;1;2;2;1.0;3.0;21;00, EDOUARD BRANLY (ESPL;;;;800
201100042666;11;5;2;1825;1;1;1;1.0;3.0;131;RD935;;;;800
201100042669;11;5;5;2320;5;2;1;1.0;3.0;21;00, VOGEL (PLACE);;;;800
201100042671;11;5;8;10;5;2;1;1.0;3.0;21;133, ALEXANDRE DUMAS;;;;800
201100042678;11;5;14;1430;1;2;1;1.0;3.0;21;477, CAGNY (RUE DE);;;;800
201100042679;11;5;19;1205;1;2;1;1.0;3.0;21;00, LOUVELS (RUE DES);;;;800
201100042682;11;5;18;2110;1;2;2;1.0;3.0;21;00, VAUBAN (RUE);;;;800
201100042696;11;6;9;1909;1;2;1;1.0;3.0;21;00, ALLONVILLE (ROUTE D';;;;800
201100042742;11;7;24;1450;1;2;1;1.0;2.0;21;00, BARABAN (BOULEVARD);;;;800
201100042746;11;7;22;2300;5;2;3;1.0;3.0;21;00, SOMME (QUAI DE LA);;;;800
201100042749;11;7;27;2140;3;2;1;1.0;6.0;21;47, CANGE (BOULEVARD DU);;;;800
201100042767;11;8;19;1530;1;2;2;1.0;3.0;21;GAUTHIER DE RUMILLY (RUE;;;;800
201100042773;11;8;24;1445;1;2;1;1.0;2.0;21;14, AUGUSTIN DUJARDIN (P;;;;800
201100042778;11;9;5;2050;2;2;1;1.0;6.0;21;9, SAINT PIERRE (CHAUSSE;;;;800
201100042781;11;9;6;745;1;2;1;1.0;6.0;21;JULES FERRY (CHAUSSE);;;;800
201100042788;11;9;15;1620;1;2;1;1.0;3.0;21;00, VELASQUEZ (RUE);;;;800
201100042801;11;9;28;1615;1;2;1;1.0;1.0;21;00, DEFENSE PASSIVE (AVE;;;;800
201100042812;11;10;7;720;1;2;1;1.0;3.0;21;265, RUE JULES BARNI;;;;800
201100042813;11;10;7;1520;1;2;2;1.0;3.0;21;CAGNY (RUE DE);;;;800
201100042820;11;10;11;930;1;2;3;1.0;3.0;21;00, SAINT LEU (RUE);;;;800
201100042822;11;10;14;850;1;2;1;7.0;3.0;21;147 REU DEJEAN;;;;800
201100042830;11;10;20;1010;1;2;1;1.0;3.0;21;PLACE MARECHAL JOFFRE;;;;800
201100042840;11;10;27;905;1;2;1;1.0;3.0;21;86, DOULLENS (RUE DE);;;;800
201100042846;11;11;4;1825;5;2;1;1.0;3.0;21;00, LEON DUPONTREUE (RUE;;;;800
201100042862;11;11;10;1750;5;2;1;1.0;1.0;21;59 SAINT ACHEUL (RUE);;;;800
201100042864;11;11;15;1240;1;2;1;1.0;1.0;21;284, SAINT QUENTIN (BOUL;;;;800
201100042869;11;11;18;30;4;2;1;2.0;6.0;21;HALAGE (CHEMIN DE);;;;800
201100042919;11;10;3;900;1;2;1;7.0;2.0;60;09, NECKARSULM (AV. DE);M;4405560.0;215136.0;810
201100042948;11;5;31;1010;1;2;6;2.0;3.0;33;0, BENAC (Gaston);;;;820
201100042960;11;1;21;1010;1;2;2;1.0;6.0;121;0, COS (AVENUE DE);;;;820
201100042970;11;4;2;1245;1;2;3;1.0;6.0;121;0, SABATIE (RUE LOUIS);;;;820
201100042975;11;5;7;1445;1;2;6;3.0;6.0;121;0, GAMBETTA (AVENUE);;;;820
201100042979;11;5;18;1550;1;2;3;1.0;2.0;121;, HOTEL DE VILLE (RUE DE;;;;820
201100042981;11;6;8;905;1;2;1;1.0;7.0;121;0, HOTEL DE VILLE (RUE D;;;;820
201100042992;11;9;5;1655;1;1;2;1.0;3.0;121;0, SAINT-ANTONIN (ROUTE;;;;820
201100043004;11;11;13;847;1;2;3;1.0;3.0;121;NC, HERRIOT (BOULEVARD E;;;;820
201100043025;11;8;22;1935;1;2;4;1.0;3.0;50;GRASSE(AVENUE DE);;;;830
201100043027;11;8;23;1210;1;2;1;1.0;2.0;50;BEAUSSARET(CHEMIN DU);;;;830
201100043035;11;12;29;1133;1;2;6;1.0;3.0;61;0, RUE DE L'AVELAN;;;;830
201100043052;11;5;31;1435;1;1;1;1.0;3.0;61;0, RN98 ST AYGULF;;;;830
201100043071;11;8;5;2250;5;2;1;1.0;3.0;118;0, BOULEVARD F?LIX MARTI;;;;830
201100043133;11;7;3;950;1;2;1;1.0;6.0;129;00, COUDOULIERE (LA);;;;830
201100043162;11;12;10;1915;3;2;1;1.0;3.0;123;HUIDE (CHEMIN DE) N? PAI;;;;830
201100043186;11;3;26;1105;1;2;1;1.0;7.0;126;1, SAUVET (ROND POINT DU;;;;830
201100043187;11;4;2;1930;1;2;1;1.0;1.0;153;1, JULES GUESDE (QUAI);;;;830
201100043196;11;6;4;1050;1;2;1;1.0;6.0;126;inconnu, CABLAT (IMPASSE;;;;830
201100043198;11;6;10;1810;1;2;1;1.0;6.0;126;51, ANCIENS COMBATANTS D;;;;830
201100043207;11;7;11;1000;1;2;6;1.0;2.0;126;0, PYROTECHNIE (RD POINT;;;;830
201100043210;11;8;4;1840;1;2;1;1.0;3.0;126;inconnu, ROSTAND (BD JEA;;;;830
201100043211;11;8;12;1540;1;2;1;1.0;7.0;126;314, DE GAULLE (AV CHARL;;;;830
201100043227;11;11;26;1715;2;2;1;1.0;3.0;126;1430, FABREGAS (CHEMIN D;;;;830
201100043277;11;2;18;1220;1;2;1;1.0;6.0;137;NICOLAS (BD COMMANDANT);;;;830
201100043281;11;2;17;1713;5;2;1;2.0;3.0;137;GUILLEMARD (RUE ROBERT);;;;830
201100043311;11;4;5;1800;1;2;1;1.0;1.0;62;TROIN (RUE JACQUES);;;;830
201100043337;11;5;3;730;1;2;1;1.0;3.0;137;1794, BRIAND (AVE ARISTI;;;;830
201100043343;11;5;11;1945;1;1;1;1.0;1.0;137;POMETS (ROUTE DES);;;;830
201100043345;11;4;30;1921;1;2;1;1.0;3.0;137;59, PONT DE BOIS (CHEMIN;;;;830
201100043357;11;5;15;1355;1;2;1;1.0;1.0;137;ESCARTEFIGUE (CORNICHE D;;;;830
201100043363;11;5;21;1445;1;1;1;1.0;1.0;144;TOURRIS (CHEMIN);;;;830
201100043373;11;6;4;1028;1;2;1;1.0;1.0;98;LE LEAP (AVENUE ALAIN);;;;830
201100043383;11;6;9;2300;5;2;1;1.0;1.0;137;LAMARTINE (RUE);;;;830
201100043407;11;7;18;2045;2;1;6;1.0;3.0;90;EUROPE (ROND POINT DE L';;;;830
201100043414;11;7;26;845;1;1;3;1.0;6.0;137;CD 46 DE 1930 A FIN (VAL;;;;830
201100043422;11;8;6;1700;1;2;3;1.0;3.0;137;239, CARRAIRE (CHEMIN DE;;;;830
201100043453;11;8;2;1610;1;2;1;1.0;2.0;137;393, PICOT (AVE DU COLON;;;;830
201100043477;11;9;20;730;1;2;2;1.0;3.0;137;MICHOLET (RUE VICTOR);;;;830
201100043496;11;10;24;1700;1;2;1;3.0;6.0;137;GASQUET (AVE JOSEPH DE 1;;;;830
201100043522;11;12;9;1225;1;2;3;1.0;3.0;98;BERLIOZ (RUE HECTOR);;;;830
201100043525;11;11;30;940;1;2;3;1.0;6.0;137;AUDEOUD (RUE GENERAL MIC;;;;830
201100043549;11;1;14;1715;1;2;6;1.0;4.0;7;AMANDIER (Avenue de l');;;;840
201100043580;11;8;8;1353;1;2;1;1.0;2.0;7;SAINT MICHEL (Boulevard);;;;840
201100043585;11;9;21;1430;1;2;1;1.0;3.0;7;PONT DE LEO SUR DURANCE;;;;840
201100043593;11;3;1;1540;1;2;1;1.0;2.0;31;290, DURAND BOULEVARD AL;;;;840
201100043619;11;9;13;1016;1;2;6;1.0;3.0;35;JUIN (CARREFOUR MARECHAL;;;;840
201100043633;11;8;17;1200;1;1;1;1.0;5.0;87;1188, CADEROUSSE (ROUTE;;;;840
201100043661;11;9;27;2000;2;2;2;1.0;3.0;191;RUE PAUL DOUMER;M;4666534.0;-142530.0;850
201100043669;11;12;4;1415;1;2;1;1.0;3.0;191;1 RUE ROUSSEAU-DECELLE;M;4666091.0;-142573.0;850
201100043676;11;1;3;1300;1;2;2;7.0;3.0;194;PLACE DU GENE COLLINEAU;M;4649707.0;-178233.0;850
201100043684;11;4;5;1320;1;2;6;1.0;3.0;60;AVENUE DU PAS DU BOIS;;;;850
201100043691;11;5;30;1650;1;2;1;1.0;6.0;194;5 RUE CAMILLE FLAMMARION;M;4649362.0;-176948.0;850
201100043699;11;6;25;1905;1;2;1;1.0;6.0;194;64 PROMENADE CLEMENCEAU;M;4649457.0;-178260.0;850
201100043701;11;7;3;1730;1;2;2;1.0;3.0;60;AVENUE RENE COTY;;;;850
201100043703;11;7;10;1120;1;2;2;1.0;3.0;194;AVENUE RENE COTY;;;;850
201100043708;11;8;9;1100;1;2;1;1.0;6.0;194;R-P ESTIENNE D'ORVES;;;;850
201100043709;11;8;11;2130;1;1;1;1.0;6.0;166;RUE MOULIN DE LA SALLE;M;4652790.0;-179198.0;850
201100043712;11;9;1;1145;1;2;1;1.0;6.0;194;43 PROMENADE KENNEDY;;;;850
201100043713;11;8;31;1740;1;2;4;1.0;3.0;194;RUE JEAN NICOT;M;4649990.0;-178522.0;850
201100043715;11;9;23;840;1;2;1;1.0;2.0;194;RUE DES SAUNIERS;M;4649949.0;-179893.0;850
201100043739;11;7;3;2110;2;2;2;1.0;2.0;66;15, COLBERT (RUE);;;;860
201100043766;11;2;6;1720;2;2;2;1.0;3.0;194;., BLAISE PASCAL (RUE);;;;860
201100043800;11;4;23;1445;1;2;2;1.0;3.0;158;., COUDRES (RUE DES);;;;860
201100043805;11;5;4;1735;1;2;2;1.0;3.0;194;NORMANDIE (RUE DE);;;;860
201100043811;11;6;3;310;5;2;1;1.0;6.0;194;49bis, PLAINE (RUE DE LA;;;;860
201100043817;11;6;15;1540;1;2;1;1.0;7.0;194;ANDRE MALRAUX (VOIE);;;;860
201100043862;11;9;27;1840;1;2;1;1.0;5.0;194;25, RECTEUR PINEAU (AVEN;;;;860
201100043885;11;11;17;2115;5;2;1;1.0;7.0;194;ABBE FREMONT (BOULEVARD;;;;860
201100043941;11;2;4;1832;5;2;1;1.0;2.0;85;12, GUESDE (RUE JULES);;;;870
201100043953;11;2;10;1344;1;1;9;1.0;3.0;75;RD79;M;4582080.0;120822.0;870
201100043974;11;3;12;1857;1;2;1;1.0;7.0;85;48, NORIAC (RUE JULES);;;;870
201100043985;11;3;24;1706;1;1;3;1.0;3.0;75;RN 21;M;4578250.0;120103.0;870
201100044014;11;4;16;1052;1;2;1;1.0;6.0;85;45, LECLERC (AVENUE DU G;;;;870
201100044022;11;4;26;1622;1;2;1;1.0;3.0;85;22, DORGELES (AVENUE ROL;;;;870
201100044047;11;5;23;1826;1;2;2;1.0;3.0;85;39, PUY LAS RODAS (RUE D;;;;870
201100044058;11;5;31;1317;1;2;1;1.0;6.0;85;51, LAGRANGE (RUE HENRI);;;;870
201100044066;11;6;7;1716;1;2;9;2.0;6.0;85;65, ANTONY (RUE  ET CHEM;;;;870
201100044097;11;7;6;1703;1;2;1;1.0;6.0;85;11, POMPIDOU (AVENUE GEO;;;;870
201100044111;11;7;28;2051;1;2;1;1.0;6.0;85;21, PISSARO (RUE CAMILLE;;;;870
201100044165;11;9;26;1334;1;2;1;1.0;2.0;85;46, PERRIN (RUE FRANCOIS;;;;870
201100044168;11;9;28;838;1;2;1;1.0;6.0;85;0, MOCQUET(RUE GUY);;;;870
201100044176;11;10;5;2046;2;1;1;1.0;7.0;48;RD 11;;;;870
201100044186;11;10;16;1134;1;2;1;1.0;6.0;85;31, RANSON (RUE LOUIS CA;;;;870
201100044249;11;1;15;1525;1;2;2;1.0;3.0;160;R. DES TEMPLIERS;M;4816706.0;645253.0;880
201100044258;11;4;9;1245;1;2;3;1.0;1.0;160;152, ALLENDE (AV.SALVADO;M;4819064.0;645035.0;880
201100044260;11;4;27;2115;5;2;1;8.0;1.0;160;2, WILSON (RUE PRESIDENT;M;4816983.0;644434.0;880
201100044287;11;3;24;1610;1;2;1;7.0;3.0;424;633, Rue de BROMPONT;M;4827413.0;698184.0;880
201100044337;11;2;16;1420;1;2;1;1.0;6.0;387;24, HEROS (PLACE DES);;;;890
201100044339;11;2;24;745;1;2;6;1.0;3.0;387;0, BARBIER (ROND POINT);;;;890
201100044341;11;3;6;955;1;2;1;1.0;2.0;387;0, VICTOR GUICHARD (RUE);;;;890
201100044372;11;1;28;1840;5;2;1;9.0;7.0;8;1, VERGERS (IMPASSE DES);;;;900
201100044377;11;2;9;1628;1;2;6;1.0;3.0;8;1, ARGIESANS (RUE D');;;;900
201100044392;11;3;15;1654;1;2;1;7.0;3.0;10;79, LECLERC (AVENUE);;;;900
201100044407;11;4;10;1620;1;2;1;1.0;6.0;75;1, EYGRAS (RUE DES);;;;900
201100044410;11;4;16;1555;1;2;1;1.0;2.0;32;1, JACQUOT (RUE DU DOCTE;;;;900
201100044412;11;4;19;1150;1;2;3;1.0;3.0;10;SALBERT (RUE DU) 1;;;;900
201100044417;11;4;26;1900;1;2;1;1.0;1.0;75;1, CURIE(RUE MARIE);;;;900
201100044438;11;6;1;1945;1;2;1;1.0;6.0;99;19, GARE (RUE DE LA);;;;900
201100044441;11;6;5;2100;1;2;1;1.0;7.0;10;13, VIENNE (RUE DE);;;;900
201100044459;11;7;16;1757;1;2;1;1.0;7.0;99;3, TURENNE (RUE DE);;;;900
201100044469;11;8;11;1839;1;2;9;1.0;6.0;10;CORBIS (PLACE);;;;900
201100044472;11;8;15;1520;1;2;2;2.0;3.0;10;21, KENNEDY (BOULEVARD);;;;900
201100044480;11;9;14;1115;1;2;1;1.0;1.0;99;1, MONCEAU (RUE DU);;;;900
201100044485;11;9;16;1725;1;2;9;1.0;3.0;10;1, LANG (RUE DU DOCTEUR);;;;900
201100044488;11;9;21;2216;3;2;1;1.0;7.0;10;8, PARANT (RUE);;;;900
201100044493;11;10;8;1300;1;2;1;2.0;6.0;10;4, DUBAIL-ROY (RUE);;;;900
201100044501;11;11;2;1135;1;2;3;1.0;2.0;10;1, DE GAULLE (PONT DU GE;;;;900
201100044524;11;12;7;2005;5;2;1;2.0;3.0;75;15,BRIAND (RUE ARISTIDE);;;;900
201100044529;11;12;13;1401;1;2;3;2.0;3.0;10;1, VESOUL (RUE DE);;;;900
201100044532;11;12;18;1445;1;2;6;2.0;3.0;8;ENGEL (RUE ALFRED);;;;900
201100044546;11;1;7;2230;3;1;1;1.0;2.0;103;X, CD 19;;;;910
201100044575;11;4;7;1111;1;1;1;1.0;3.0;339;RN 20;;;;910
201100044583;11;4;22;1550;1;2;1;1.0;3.0;103;X, MAISON NEUVE (AVENUE;;;;910
201100044584;11;4;23;1935;3;2;1;1.0;6.0;103;34, REPUBLIQUE (BOULEVAR;;;;910
201100044623;11;10;5;1720;1;2;1;1.0;3.0;103;edouard branly(RUE);;;;910
201100044630;11;10;14;2030;5;1;1;1.0;3.0;339;RN 20;;;;910
201100044632;11;10;17;1805;1;2;3;1.0;3.0;552;BABIN (RUE DU DOCTEUR;;;;910
201100044645;11;12;14;1235;1;2;1;1.0;1.0;103;GAY LUSSAC (RUE);;;;910
201100044647;11;12;22;1450;1;2;1;1.0;1.0;347;VERDUN (RUE DE);;;;910
201100044684;11;4;12;1640;1;2;1;1.0;2.0;97;SABLIERE (RUE DE LA);;;;910
201100044685;11;4;18;1810;1;2;1;1.0;3.0;114;CERCAY (RUE DE);;;;910
201100044735;11;2;26;1758;1;2;1;1.0;6.0;174;32, rue champlouis;;;;910
201100044749;11;6;15;1345;1;2;9;1.0;3.0;174;JOHN KENNEDY (BOULEVARD);;;;910
201100044752;11;6;17;2325;5;2;1;6.0;3.0;174;08 MAI 1945 (AVENUE);;;;910
201100044761;11;11;25;1030;1;2;2;1.0;3.0;657;JULES VERNE (RUE);;;;910
201100044768;11;12;22;1310;1;2;1;1.0;3.0;201;HENRI BARBUSSE(BOULEVARD;;;;910
201100044771;11;2;8;1735;1;2;2;8.0;3.0;657;CACTUS (RUE DES );;;;910
201100044779;11;4;8;1330;1;2;1;1.0;3.0;657;PAUL VAILLANT COUTURIER;;;;910
201100044781;11;4;9;1815;1;2;1;1.0;6.0;201;BAC DE RIS(CHEMIN DU);;;;910
201100044784;11;4;18;1825;1;2;1;1.0;3.0;657;SAINT JUST (RUE);;;;910
201100044795;11;5;25;1610;1;2;3;1.0;3.0;201;DANTON(RUE);;;;910
201100044804;11;5;8;135;4;2;1;1.0;2.0;657;COTE D'OR (RUE DE LA);;;;910
201100044810;11;5;28;1825;1;2;1;1.0;3.0;201;EUROPE(AVENUE DE L');;;;910
201100044813;11;7;7;1055;1;2;1;1.0;5.0;201;GENERAL DE GAULLE(BOULEV;;;;910
201100044815;11;7;1;1845;1;2;2;1.0;3.0;201;EUROPE(AVENUE DE L');;;;910
201100044851;11;1;16;1450;1;2;3;1.0;3.0;223;02, AVENUE JEAN MERMOZ;;;;910
201100044871;11;4;19;1900;1;2;1;1.0;3.0;223;13, ATLANTIQUE (AVENUE D;;;;910
201100044873;11;5;1;1215;1;2;1;1.0;2.0;223;20, GEROFOSSE (RUE DE);;;;910
201100044875;11;5;11;1030;1;2;1;1.0;3.0;223;20, MAI 1945 (AVENUE DU;;;;910
201100044900;11;7;24;1600;1;2;1;1.0;1.0;223;08, ORMEAUX (RUE DES);;;;910
201100044906;11;8;31;1810;1;2;1;1.0;3.0;223;63, PARIS (AVENUE DE);;;;910
201100044934;11;11;18;1905;1;2;1;1.0;7.0;223;81, PONT SAINT JEAN (RUE;;;;910
201100044984;11;12;18;925;2;2;1;1.0;1.0;521;CD31;;;;910
201100045000;11;4;9;1430;1;2;3;1.0;6.0;687;FRANCOEUR (RUE);;;;910
201100045007;11;6;1;750;1;2;3;1.0;3.0;687;DUPARCHY (RUE);;;;910
201100045049;11;9;5;830;1;2;3;1.0;3.0;161;1, LONGJUMEAU (route de);;;;910
201100045094;11;5;30;1130;1;2;1;1.0;6.0;421;RAYMOND POMIER (RUE);;;;910
201100045113;11;7;31;1745;1;2;1;1.0;3.0;421;REPUBLIQUE (AVENUE DE LA;;;;910
201100045155;11;1;10;915;1;1;3;1.0;2.0;471;0, rue Pierre de Coubert;;;;910
201100045166;11;1;21;1600;1;2;3;1.0;3.0;645;0, FOCH (BOULEVARD DU MA;;;;910
201100045189;11;3;17;1625;1;2;1;1.0;7.0;645;0, MARIUS HUE (RUE);;;;910
201100045193;11;3;23;1625;1;1;1;1.0;7.0;122;0, CHARTRES (ROUTE DE);;;;910
201100045196;11;3;31;1715;1;2;1;1.0;7.0;122;0, CHARTRES (ROUTE DE);;;;910
201100045198;11;4;2;1720;1;2;1;1.0;6.0;645;3, SAPINS (ALLEE DES);;;;910
201100045204;11;4;20;805;1;2;1;1.0;3.0;692;0, TROPIQUES (AVENUE DES;;;;910
201100045208;11;4;30;1355;1;2;1;2.0;7.0;122;0, HACQUINIERE (RUE DE L;;;;910
201100045209;11;5;1;1040;1;2;1;1.0;7.0;64;02, CLAIRS MATINS (RUE D;;;;910
201100045214;11;5;5;1135;1;2;1;1.0;1.0;64;0, CD 118;;;;910
201100045217;11;5;13;1525;1;2;1;1.0;7.0;471;25, JEAN ROSTAND (RUE);;;;910
201100045219;11;5;19;1725;1;2;1;1.0;7.0;477;ESSARTS (RESIDENCE LE;;;;910
201100045225;11;6;1;1545;1;2;1;1.0;7.0;471;0, PETIT SACLAY (CHEMIN;;;;910
201100045231;11;6;22;1840;1;2;1;1.0;3.0;477;92, MARCEAU (RESIDENCE);;;;910
201100045236;11;7;6;1205;1;2;3;1.0;3.0;471;0, ARCHANGE (RUE);;;;910
201100045247;11;7;25;910;1;2;1;8.0;7.0;477;BRANLY (RUE EDOUARD);;;;910
201100045254;11;8;14;1020;1;2;1;1.0;7.0;477;87, STALINGRAD (AVENUE D;;;;910
201100045268;11;9;21;1505;1;2;3;1.0;3.0;692;AVENUE DU HOGGAR;;;;910
201100045273;11;9;25;1640;1;2;1;1.0;7.0;645;CREVECOEUR (CHEMIN DE;;;;910
201100045277;11;9;30;815;1;2;1;1.0;3.0;471;PACATERIE (RUE DE LA);;;;910
201100045284;11;10;19;1755;1;2;1;2.0;7.0;471;SAINT LAURENT (AVENUE;;;;910
201100045286;11;10;25;1725;1;2;1;1.0;3.0;692;rue des lorrains;;;;910
201100045289;11;10;30;1515;1;2;3;1.0;3.0;471;VERSAILLES (RUE DE);;;;910
201100045295;11;11;6;1810;1;2;1;1.0;6.0;122;RUE D'ARCACHON;;;;910
201100045299;11;11;16;1350;1;2;1;1.0;3.0;692;BOURGOGNE (AVENUE DE);;;;910
201100045301;11;11;27;1000;1;2;1;1.0;1.0;64;CHARBONNIERS (CHEMIN;;;;910
201100045310;11;12;12;1050;1;2;1;1.0;1.0;64;FAVREUSE (ROUTE DE);;;;910
201100045326;11;4;4;905;1;2;6;1.0;3.0;549;00, ROGER PERRIAUD (PLAC;;;;910
201100045327;11;4;6;1650;1;2;1;1.0;3.0;549;00, JEAN COCTEAU (RUE);;;;910
201100045345;11;8;6;1935;1;2;1;1.0;6.0;549;76, PAUL VAILLANT-COUTUR;;;;910
201100045347;11;8;11;1115;1;2;1;1.0;6.0;570;SAINT SAENS (RUE);;;;910
201100045370;11;1;23;2250;5;2;5;8.0;3.0;2;LECLERC / RABELAIS;M;4874970.0;230431.0;920
201100045379;11;3;20;1425;1;2;6;1.0;3.0;2;PARC DE SCEAUX / LE BRUN;M;4876490.0;230609.0;920
201100045388;11;5;29;1200;1;2;1;1.0;2.0;2;75, AV DE LA DIVISION LE;M;4874750.0;230380.0;920
201100045405;11;11;14;1755;4;2;2;1.0;3.0;2;MONNET / MIRABEAU;;;;920
201100045420;11;1;14;1855;4;2;1;2.0;6.0;9;21, R DU GENERAL LECLERC;M;4891410.0;227138.0;920
201100045441;11;3;17;740;2;2;1;8.0;3.0;4;QU DU DOCTEUR DERVAUX;M;4890930.0;229383.0;920
201100045467;11;5;16;1945;1;2;1;1.0;7.0;4;291, AV D'ARGENTEUIL;M;4892500.0;227465.0;920
201100045474;11;5;24;1745;1;2;2;1.0;3.0;4;BERNHARDT / GAST;M;4891870.0;231729.0;920
201100045477;11;5;29;805;1;2;2;1.0;3.0;4;GAULLE / VERDUN;M;4890720.0;228586.0;920
201100045481;11;6;9;1500;1;2;2;1.0;3.0;4;PARMENTIER / JEANNE;M;4890850.0;227191.0;920
201100045507;11;8;24;1740;1;2;2;1.0;3.0;4;MARNE / GALLIENI;;;;920
201100045512;11;9;14;1930;1;2;1;1.0;3.0;9;01, R DES BONS ENFANTS;;;;920
201100045515;11;9;29;945;1;2;3;1.0;3.0;4;BERGSON / GRESILLONS;;;;920
201100045519;11;10;3;2210;5;2;5;1.0;3.0;4;ARGENTEUIL / GAULLE;;;;920
201100045527;11;10;13;1630;1;2;1;1.0;7.0;4;R DE LA COMETE;;;;920
201100045557;11;2;11;1345;1;2;2;1.0;3.0;7;PASTEUR / MEUNIERS;M;4879780.0;231746.0;920
201100045569;11;7;19;1200;1;2;6;3.0;3.0;7;COUTURIER / BLAINS;;;;920
201100045591;11;11;29;815;2;2;1;8.0;3.0;7;CHE LATERAL;;;;920
201100045593;11;12;6;1930;5;2;2;2.0;3.0;7;PASTEUR (AVENUE LOUIS) N;;;;920
201100045616;11;2;15;1905;5;2;1;1.0;6.0;12;BD JEAN JAURES;M;4884510.0;223722.0;920
201100045620;11;2;24;1425;1;2;1;1.0;3.0;12;BD JEAN JAURES;M;4883130.0;224482.0;920
201100045634;11;3;18;1715;1;2;1;2.0;3.0;12;AV PIERRE GRENIER;M;4883250.0;225332.0;920
201100045640;11;3;26;1550;1;2;1;1.0;3.0;12;AV ANDRE MORIZET;M;4883820.0;223386.0;920
201100045655;11;4;29;2202;2;2;2;1.0;6.0;12;REPUBLIQUE / JOUR;M;4883100.0;225802.0;920
201100045664;11;5;16;945;1;2;1;1.0;3.0;12;68, R DE SILLY;M;4883850.0;223213.0;920
201100045667;11;5;23;1740;1;2;1;1.0;6.0;12;180, BD JEAN JAURES;M;4883340.0;224362.0;920
201100045708;11;8;26;1700;1;2;1;2.0;3.0;12;AV EDOUARD VAILLANT;;;;920
201100045721;11;10;6;845;1;2;1;2.0;7.0;12;88, AV ANDRE MORIZET;;;;920
201100045733;11;10;27;830;1;2;2;1.0;3.0;12;FESSART / CHATEAU;;;;920
201100045738;11;11;6;1840;5;2;6;1.0;2.0;12;SEMBAT / JAURES;;;;920
201100045740;11;11;8;1030;1;2;6;1.0;3.0;12;COMBATTANT / CLEMENT;;;;920
201100045761;11;12;16;1840;5;2;2;1.0;3.0;12;SAUSSIERE (RUE DE LA);;;;920
201100045763;11;12;17;1200;1;2;7;1.0;3.0;12;MARCEL SEMBAT (PLACE);;;;920
201100045778;11;2;10;1830;2;2;1;1.0;3.0;71;75, BOUR5G LA REINE (AVE;;;;920
201100045790;11;5;1;1300;1;2;1;1.0;2.0;71;1, ALL D'HONNEUR;M;4877580.0;230950.0;920
201100045793;11;5;25;1430;1;2;1;1.0;3.0;71;154, AV DU GENERAL LECLE;M;4877300.0;231264.0;920
201100045797;11;6;15;1810;1;2;3;1.0;7.0;71;AV ALPHONSE CHERRIER;M;4877410.0;228769.0;920
201100045817;11;10;21;1725;1;2;3;1.0;6.0;32;LOMBARD / ISIDORE;;;;920
201100045887;11;7;22;1900;1;2;1;1.0;6.0;23;09, RTE DE LA GARENNE;;;;920
201100045890;11;8;18;740;1;2;4;1.0;3.0;23;CLEMENT / TRIVAUX;;;;920
201100045899;11;9;29;840;1;2;1;1.0;6.0;60;AV CHARLES DE GAULLE;;;;920
201100045916;11;11;10;1430;1;2;1;1.0;6.0;60;13, AV PAUL LANGEVIN;;;;920
201100045923;11;11;22;810;2;2;2;1.0;3.0;60;RESISTANCE / SCEAUX;;;;920
201100045976;11;5;12;810;1;2;6;1.0;3.0;24;1, FRANCOIS MITERRAND (P;;;;920
201100045983;11;5;26;1355;1;2;1;1.0;3.0;24;28, R CHARLES ET RENE AU;M;4890280.0;230587.0;920
201100046019;11;10;4;1315;1;2;6;1.0;6.0;24;SANZILLON / MITTERRAND;;;;920
201100046020;11;10;5;2140;5;2;1;1.0;6.0;24;PONT DE CLICHY;;;;920
201100046059;11;3;9;930;1;2;3;1.0;3.0;25;DU BOIS / PRAGUE;M;4891830.0;224919.0;920
201100046070;11;4;22;1430;1;2;1;1.0;2.0;25;33, VALMY (BD DE);;;;920
201100046073;11;5;4;1750;1;2;1;1.0;1.0;25;AV HENRI BARBUSSE;M;4891660.0;225275.0;920
201100046108;11;11;16;855;1;2;1;1.0;6.0;25;8, BD CHARLES DE GAULLE;;;;920
201100046109;11;11;30;1520;1;2;1;1.0;2.0;25;50, R PAUL BERT;;;;920