Num_Acc;an;mois;jour;hrmn;lum;agg;int;atm;col;com;adr;gps;lat;long;dep
201100046135;11;2;23;2325;5;2;4;9.0;2.0;26;VERDUN / BOURSIER;M;4889690.0;226429.0;920
201100046138;11;3;7;1120;1;2;1;1.0;2.0;26;QU DU PRESIDENT PAUL DOU;M;4889220.0;225905.0;920
201100046146;11;4;5;1130;1;2;1;1.0;3.0;26;15, R DU PRESIDENT KRUGE;M;4889840.0;225543.0;920
201100046147;11;4;5;830;1;2;3;1.0;3.0;26;BEZONS / STRASBOURG;M;4889340.0;225216.0;920
201100046148;11;4;8;1600;1;2;5;1.0;3.0;26;HUGO / DOUMER;M;4889660.0;226344.0;920
201100046155;11;5;13;835;1;2;2;1.0;3.0;26;COLOMBES / BRIAND;M;4889890.0;225660.0;920
201100046162;11;6;8;2040;2;2;2;8.0;3.0;26;MARCHAND / DESCHANEL;M;4889990.0;223986.0;920
201100046171;11;6;28;745;1;1;1;1.0;2.0;26;R DE COLOMBES;M;4890140.0;225625.0;920
201100046179;11;7;11;1740;1;2;3;1.0;3.0;26;VERDUN / FERRY;;;;920
201100046201;11;10;7;1345;1;2;2;1.0;3.0;26;MARCEAU / REPUBLIQUE;;;;920
201100046230;11;3;11;25;5;2;2;1.0;3.0;35;GAULLE / TRANSVAAL;M;4891330.0;225336.0;920
201100046262;11;1;11;1410;1;2;1;2.0;3.0;36;AV D'ARGENTEUIL;M;4893870.0;225671.0;920
201100046300;11;6;26;1435;1;2;1;1.0;3.0;36;AV DU GENERAL DE GAULLE;M;4893410.0;231608.0;920
201100046301;11;6;27;1630;1;2;1;1.0;6.0;36;AV D'ARGENTEUIL;M;4893710.0;225868.0;920
201100046319;11;9;20;1445;1;2;3;1.0;3.0;36;ROCHE / NOELS;;;;920
201100046338;11;11;25;750;2;2;1;1.0;7.0;36;44, BD LOUISE MICHEL;;;;920
201100046355;11;3;19;1115;1;2;1;1.0;7.0;40;R DE VAUGIRARD;M;4881940.0;224263.0;920
201100046365;11;5;20;910;1;2;1;1.0;3.0;40;8, AV JEAN JAURES;M;4882380.0;227420.0;920
201100046376;11;6;29;1940;1;2;1;1.0;3.0;40;QU DE STALINGRAD;M;4882300.0;225388.0;920
201100046383;11;8;10;900;1;2;1;1.0;3.0;40;AV VICTOR CRESSON;;;;920
201100046384;11;8;11;1735;1;2;3;1.0;3.0;40;ROUSSEAU / GARIBALDI;;;;920
201100046385;11;8;24;950;1;2;1;1.0;2.0;40;GENERAL EBOUE;;;;920
201100046400;11;10;3;1645;1;2;1;1.0;6.0;40;20, R ROUGET DE LISLE;;;;920
201100046406;11;10;27;1220;1;2;1;1.0;2.0;40;2, R DU DOCTEUR LOMBARD;;;;920
201100046433;11;2;15;1845;5;2;1;1.0;3.0;44;R VICTOR HUGO;M;4889910.0;229369.0;920
201100046440;11;3;8;900;1;2;1;1.0;3.0;44;22, R RASPAIL;M;4889710.0;229241.0;920
201100046450;11;4;26;1725;1;2;1;1.0;6.0;44;88, R VICTOR HUGO;M;4889600.0;229646.0;920
201100046452;11;4;27;1640;1;2;2;1.0;6.0;44;PELLETAN / MARJOLIN;M;4889640.0;229150.0;920
201100046463;11;5;13;1650;1;2;2;1.0;3.0;44;CARNOT / PASTEUR;M;4889320.0;228537.0;920
201100046464;11;5;31;1005;1;2;3;1.0;7.0;44;IBERT / PERI;M;4888890.0;229056.0;920
201100046478;11;6;28;1130;1;2;1;1.0;3.0;44;R VICTOR HUGO;M;4889670.0;229576.0;920
201100046494;11;10;12;1416;1;2;1;1.0;6.0;44;46, R BAUDIN;;;;920
201100046503;11;11;14;1415;1;2;7;1.0;6.0;44;LIBERATION / COUTURIER;;;;920
201100046545;11;8;28;1145;1;2;3;1.0;2.0;48;TASSIGNY / CELLE;;;;920
201100046550;11;10;5;1730;1;2;1;1.0;3.0;48;12, R CHARLES INFROIT;;;;920
201100046560;11;11;29;1600;1;2;1;1.0;7.0;48;CAR DE MARE ADAM;;;;920
201100046602;11;4;7;800;1;2;1;1.0;6.0;20;AV DE LA DIVISION LECLER;M;4879660.0;227948.0;920
201100046619;11;6;3;1320;1;2;2;1.0;3.0;49;DORMOY / BRIAND;M;4880960.0;232544.0;920
201100046625;11;6;19;1255;1;2;1;1.0;3.0;20;AV DE PARIS;M;4881050.0;229918.0;920
201100046628;11;6;25;1010;1;2;1;1.0;3.0;49;AV ARISTIDE BRIAND;M;4881250.0;232596.0;920
201100046655;11;9;6;1330;1;2;1;1.0;6.0;49;37, R MOLIERE;;;;920
201100046682;11;11;16;1710;1;2;2;1.0;7.0;49;PERI / ARNOUX;;;;920
201100046744;11;5;25;2000;1;2;6;1.0;3.0;50;L'HOMME / SOUFFLOT;M;4889590.0;221545.0;920
201100046745;11;5;28;1600;1;2;2;1.0;3.0;50;CURIE / PICASSO;M;4889380.0;221209.0;920
201100046813;11;12;8;1620;1;2;2;8.0;6.0;50;JOILIOT CURIE F. ET IREN;;;;920
201100046825;11;1;21;1720;1;2;2;1.0;3.0;51;06, AV SAINTE-FOY;M;4888770.0;226377.0;920
201100046826;11;1;26;1110;1;2;1;8.0;3.0;51;02, AV SAINTE-FOY;M;4888470.0;226835.0;920
201100046836;11;3;15;845;1;2;3;1.0;6.0;51;SAUSSAYE / SOYER;M;4888780.0;226137.0;920
201100046838;11;3;15;1925;4;2;1;1.0;2.0;51;BD DU CHATEAU;M;4889020.0;226926.0;920
201100046853;11;5;6;1600;1;2;1;1.0;3.0;51;141, R DE LONGCHAMP;M;4887640.0;225041.0;920
201100046859;11;5;13;910;1;2;1;1.0;3.0;51;42, AV DU ROULE;M;4888230.0;227874.0;920
201100046879;11;6;11;1130;1;2;1;1.0;7.0;51;MARCHE (PLACE DU);;;;920
201100046891;11;7;18;1640;1;2;3;1.0;3.0;51;AV DU ROULE;;;;920
201100046909;11;9;30;1900;1;2;1;1.0;3.0;51;131, AV CHARLES DE GAULL;;;;920
201100046927;11;12;1;845;1;2;2;2.0;2.0;51;BINEAU (BOULEVARD, N?133;;;;920
201100046932;11;12;3;1830;5;2;1;8.0;7.0;51;91, ROULE (AVENUE DU, N?;;;;920
201100046936;11;12;8;750;2;2;1;1.0;3.0;51;183, CHARLES DE GAULLE (;;;;920
201100046939;11;12;14;1055;1;2;1;1.0;3.0;51;17, SOYER (RUE);;;;920
201100046969;11;4;16;1750;1;2;6;1.0;3.0;62;LIBERTE / LAFARGUE;M;4888680.0;224541.0;920
201100046987;11;6;18;1725;1;2;3;1.0;3.0;62;PARMENTIER / BOUTON;M;4887720.0;224093.0;920
201100047008;11;9;24;1907;1;2;1;1.0;3.0;62;98, R JEAN JAURES;;;;920
201100047031;11;1;7;1245;1;2;2;1.0;3.0;63;ALBERT 1ER / DOUMER;M;4887990.0;218058.0;920
201100047056;11;5;23;1930;1;2;1;1.0;3.0;63;9, R DES BASSES GRANDES;M;4886110.0;219411.0;920
201100047062;11;6;17;1230;1;2;1;1.0;3.0;63;BD DE RICHELIEU;M;4886940.0;218576.0;920
201100047063;11;6;23;1350;1;2;6;1.0;3.0;63;PL RICHELIEU / MASSENA;M;4887350.0;218146.0;920
201100047070;11;8;1;1830;1;2;1;1.0;3.0;63;AV ALBERT 1ER;;;;920
201100047084;11;10;22;1440;1;2;1;1.0;2.0;63;58, AV DE FOUILLEUSE;;;;920
201100047106;11;1;16;1150;1;2;1;1.0;3.0;64;124, BD DE LA REPUBLIQUE;M;4885030.0;221344.0;920
201100047135;11;4;18;1425;1;2;1;1.0;3.0;76;CELLE SAINT-CLOUD;M;4884680.0;216164.0;920
201100047143;11;5;21;1430;1;2;6;1.0;3.0;64;REPUBLIQUE / PASTEUR;M;4884230.0;220703.0;920
201100047157;11;6;30;1000;1;2;3;1.0;7.0;64;BUZENVAL / ARMENGAUD;M;4885020.0;221688.0;920
201100047215;11;2;19;1240;1;2;1;1.0;7.0;72;R DES HAUTS CLOSEAUX;M;4882370.0;220129.0;920
201100047220;11;3;18;855;1;2;1;1.0;3.0;22;AV ROGER SALENGRO;M;4880780.0;218651.0;920
201100047256;11;8;28;1055;1;2;1;1.0;2.0;72;GRANDE RUE;;;;920
201100047261;11;9;6;1830;1;2;1;1.0;6.0;22;14 Bis, AV DU PARC;;;;920
201100047294;11;12;18;2050;5;2;2;1.0;3.0;77;., LAROCHE (PLACE CHARLE;;;;920
201100047300;11;2;4;1340;1;2;1;1.0;3.0;73;QU GALLIENI;M;4886770.0;222880.0;920
201100047373;11;4;2;1820;1;2;1;1.0;2.0;75;;;;;920
201100047375;11;4;7;835;1;2;2;7.0;3.0;75;LYCEE / FRATACCI;M;4882210.0;228516.0;920
201100047408;11;9;12;830;1;2;1;1.0;7.0;75;AV DU GENERAL DE GAULLE;;;;920
201100047420;11;11;3;945;1;2;2;2.0;3.0;46;DAVID / BERT;;;;920
201100047466;11;6;1;800;1;2;1;1.0;7.0;62;1, PARVIS (LE);;;;920
201100047514;11;3;28;1505;1;2;2;1.0;1.0;1;REPUBLIQUE / KARMAN;;;;930
201100047551;11;6;11;1300;1;2;1;1.0;6.0;1;47, R DU GOULET;;;;930
201100047579;11;8;18;2050;5;2;2;1.0;3.0;1;HUGO / GENERAUX;;;;930
201100047581;11;8;18;2045;1;2;1;1.0;6.0;1;AV DE LA REPUBLIQUE;;;;930
201100047597;11;9;29;1210;1;1;2;1.0;3.0;1;REPUBLIQUE / MAZOYER;;;;930
201100047634;11;1;19;635;5;2;6;1.0;3.0;5;BONDY / BALLET;;;;930
201100047645;11;1;26;1830;5;2;3;9.0;3.0;5;HOCHE / DE VILLE;;;;930
201100047674;11;3;2;825;1;2;1;1.0;3.0;5;AV ANATOLE FRANCE;;;;930
201100047675;11;5;12;905;1;2;1;1.0;3.0;71;PL GASTON BUSSIERE;;;;930
201100047677;11;5;16;1910;1;2;1;1.0;3.0;71;AV DU GENERAL LECLERC;;;;930
201100047689;11;6;24;2025;1;2;1;1.0;2.0;71;FITZGERALD KENNEDY;;;;930
201100047705;11;4;14;1810;1;2;1;1.0;3.0;5;R DE SEVRAN;;;;930
201100047717;11;4;22;1000;1;2;2;1.0;3.0;5;CEZANNE / DELACROIX;;;;930
201100047738;11;11;28;1900;5;1;6;1.0;3.0;71;JOHN F. KENNEDY (AVENUE);;;;930
201100047741;11;6;1;1715;1;2;3;1.0;3.0;5;CHARCOT / SEMBAT;;;;930
201100047750;11;6;15;930;1;2;3;1.0;1.0;5;LEON / LA VILLE;;;;930
201100047778;11;7;31;1115;1;2;2;1.0;3.0;5;11 NOVEMBRE / FAURE;;;;930
201100047788;11;8;31;1930;1;2;2;1.0;3.0;5;STRASBOURG / PIMODAN;;;;930
201100047790;11;9;2;2100;5;2;1;1.0;1.0;5;80, R FRANCIS CRENO;;;;930
201100047798;11;9;20;1215;1;2;1;1.0;5.0;5;BD GEORGES BRAQUE;;;;930
201100047807;11;10;5;1920;5;2;1;1.0;1.0;5;R MAXIMILIEN ROBESPIERRE;;;;930
201100047809;11;10;9;1900;3;1;1;1.0;2.0;5;BD GEORGES BRAQUE;;;;930
201100047819;11;11;12;1750;5;2;2;1.0;3.0;5;PRINCET / ROSERAIE;;;;930
201100047882;11;6;26;2100;1;1;9;1.0;6.0;7;PARC URBAIN;;;;930
201100047892;11;8;17;840;1;2;1;1.0;3.0;7;AV ARISTIDE BRIAND;;;;930
201100047907;11;10;24;1400;1;2;1;1.0;3.0;7;02, AV DANIELLE CASANOVA;;;;930
201100047952;11;4;25;1640;1;2;1;7.0;2.0;8;CHE LATERAL;;;;930
201100047961;11;6;17;1455;1;2;1;2.0;6.0;8;20, AV HENRI BARBUSSE;;;;930
201100048010;11;12;26;1602;1;2;3;1.0;3.0;8;MADELEINE (CHEMIN DE LA);;;;930
201100048011;11;12;28;2100;5;2;6;1.0;3.0;8;ROND POINT REPIQUET;;;;930
201100048099;11;12;4;1918;5;2;1;2.0;6.0;10;01, GALLIENI (AV.) DE 1;;;;930
201100048127;11;3;18;1745;1;2;4;2.0;1.0;47;76 BIS, GENERAL DE GAULL;;;;930
201100048140;11;5;26;2040;1;2;1;1.0;2.0;14;ALL DE COUBRON;;;;930
201100048141;11;6;16;1325;1;2;1;1.0;6.0;14;1, ALL MAURICE AUDIN;;;;930
201100048186;11;10;7;1010;1;2;2;1.0;3.0;47;JEU D'ARC / BERT;;;;930
201100048415;11;10;12;2135;5;2;1;2.0;3.0;29;AV MARCEAU;;;;930
201100048435;11;1;3;1145;1;2;3;1.0;3.0;31;GALLIENI / GERBAULT;;;;930
201100048454;11;3;23;1245;1;2;1;1.0;3.0;79;R JEAN ALLEMANE;;;;930
201100048459;11;4;7;1720;1;2;1;1.0;3.0;31;58, R DE MARSEILLE;;;;930
201100048530;11;12;15;745;1;2;1;1.0;3.0;79;22, SAINT LEU (ROUTE);;;;930
201100048545;11;4;19;1135;1;2;1;1.0;3.0;32;19, R DU 18 JUIN;;;;930
201100048599;11;4;5;1750;1;2;1;1.0;3.0;6;R AMBROISE CROIZAT;;;;930
201100048611;11;5;12;1850;1;2;1;1.0;7.0;6;R LENINE;;;;930
201100048628;11;6;24;1620;1;2;1;1.0;3.0;45;BD DE LA LIBERTE;;;;930
201100048638;11;7;25;1830;1;2;3;1.0;3.0;6;CARNOT / BERTON;;;;930
201100048647;11;9;4;1830;1;2;1;1.0;3.0;6;72, R DE LA CAPSULERIE;;;;930
201100048648;11;9;8;1045;1;2;1;1.0;6.0;6;174, R SADI CARNOT;;;;930
201100048670;11;11;28;1645;2;2;1;1.0;6.0;45;R DE PARIS;;;;930
201100048679;11;1;19;800;2;2;2;1.0;3.0;63;MONTREUIL / JAURES;;;;930
201100048681;11;7;21;1935;1;2;2;8.0;3.0;45;BRUYERES RUE DES;;;;930
201100048695;11;12;9;805;1;2;2;2.0;3.0;63;0, ROUSSEAU RUE JEAN-JAC;;;;930
201100048740;11;5;18;1935;1;2;4;1.0;3.0;46;BERTHEAUX / VAUBAN;;;;930
201100048758;11;7;26;1350;1;2;1;1.0;3.0;46;PL FRANCOIS MITTERRAND;;;;930
201100048821;11;12;23;1425;1;2;2;8.0;3.0;74;DE GAULLE AVENUE DU GENE;;;;930
201100048825;11;1;11;1715;2;2;1;2.0;3.0;48;R DE ROSNY;;;;930
201100048838;11;2;9;1750;1;2;1;1.0;3.0;48;R DE PARIS;;;;930
201100048841;11;2;24;1720;1;2;2;1.0;3.0;48;SOLIDARITE / DESGRANGES;;;;930
201100048863;11;4;19;1945;1;2;2;1.0;3.0;48;SAVART / LOISEAU;;;;930
201100048879;11;5;18;1615;1;2;2;1.0;3.0;48;PASTEUR / MARAIS;;;;930
201100048880;11;5;18;1802;1;2;1;1.0;3.0;48;BD CHANZY;;;;930
201100048936;11;9;22;925;1;2;1;1.0;1.0;48;72, AV DE LA RESISTANCE;;;;930
201100048949;11;10;19;800;2;2;2;8.0;3.0;48;CARNOT / LEPINAY;;;;930
201100048961;11;11;3;1220;1;2;2;2.0;1.0;48;PASTEUR / COUTURIER;;;;930
201100048968;11;11;28;1450;1;2;6;8.0;2.0;48;DUCLOS / RESISTANCE;;;;930
201100049000;11;4;21;1825;1;2;1;1.0;3.0;50;AV DE VERDUN;;;;930
201100049005;11;5;17;1455;1;2;2;1.0;6.0;49;MEDERIC (RUE);;;;930
201100049006;11;5;25;810;1;2;1;1.0;3.0;50;R LOUIS VANNINI;;;;930
201100049010;11;6;28;1945;1;2;9;1.0;3.0;50;STEPHAN / VIGNY;;;;930
201100049014;11;7;16;2220;5;2;1;3.0;2.0;50;R LOUIS VANNINI;;;;930
201100049037;11;12;5;820;1;2;2;8.0;3.0;50;PAUL ET CAMILLE THOMOUX;;;;930
201100049058;11;3;25;1315;1;2;3;7.0;3.0;51;PAVE NEUF / MERMOZ;;;;930
201100049064;11;4;26;1745;1;2;1;1.0;2.0;51;AV VICTOR BASCH;;;;930
201100049079;11;6;8;1130;1;2;3;1.0;3.0;51;GOUTIER / PERVENCHES;;;;930
201100049095;11;8;9;1405;1;2;9;1.0;7.0;51;R DES HAUTS CHATEAUX;;;;930
201100049101;11;9;8;1900;1;2;1;1.0;3.0;51;BD DU MONT D'EST;;;;930
201100049104;11;9;17;1705;1;2;4;1.0;3.0;51;RODIN / PANCA;;;;930
201100049117;11;11;1;1630;1;2;1;2.0;3.0;33;102, 102, PROM ANDRE BAL;;;;930
201100049119;11;11;18;1550;1;2;4;1.0;3.0;33;JOFFRE / DOUMER;;;;930
201100049146;11;6;5;1220;1;2;1;1.0;7.0;53;49, R ANATOLE FRANCE;;;;930
201100049150;11;6;22;1430;1;2;1;1.0;1.0;53;82, R JEAN JAURES;;;;930
201100049152;11;7;6;1400;1;2;1;1.0;7.0;53;61, R ANATOLE FRANCE;;;;930
201100049170;11;10;3;920;1;2;1;1.0;2.0;53;R DE BREMENT;;;;930
201100049276;11;12;7;1915;5;2;1;2.0;6.0;55;60, JEAN LOLIVE (AVENUE);;;;930
201100049279;11;12;11;2200;3;2;9;2.0;6.0;55;44, JEAN JAURES (AVENUE);;;;930
201100049286;11;1;14;820;1;2;2;1.0;3.0;77;GRANDE RUE / D'OSSEVILLE;;;;930
201100049291;11;2;9;1340;1;2;1;1.0;3.0;77;R JEAN FALLAY;;;;930
201100049300;11;3;2;1453;1;2;6;1.0;3.0;62;THIERS / LIVRY;;;;930
201100049331;11;7;5;1442;1;2;1;1.0;3.0;62;17, AV THIERS;;;;930
201100049337;11;8;2;1916;1;2;3;1.0;3.0;62;THIERS / BEL AIR;;;;930
201100049375;11;4;1;1655;1;2;3;1.0;2.0;77;LAENNEC / BERTHAUDS;;;;930
201100049386;11;5;20;845;1;2;1;1.0;5.0;64;BD GABRIEL PERI;;;;930
201100049406;11;10;24;1810;5;2;1;1.0;2.0;64;AV DU PRESIDENT JOHN KEN;;;;930
201100049475;11;4;14;1625;1;2;1;1.0;2.0;66;R FRANCIS DE PRESSENSE;;;;930
201100049532;11;6;16;1950;1;2;2;1.0;2.0;66;COURNEUVE / CREVECOEUR;;;;930
201100049546;11;7;10;800;1;2;1;1.0;3.0;39;SEINE / LIBERATION;;;;930
201100049560;11;7;28;2245;5;2;3;1.0;3.0;66;STALINGRAD / CASAS;;;;930
201100049563;11;7;30;1620;1;2;2;1.0;3.0;66;PROCESSION / MONTJOIE;;;;930
201100049586;11;8;25;1730;1;1;1;1.0;3.0;39;QU CHATELIER;;;;930
201100049598;11;9;5;1745;1;2;1;1.0;6.0;66;05, BD JULES GUESDE;;;;930
201100049616;11;9;30;1026;1;2;5;1.0;3.0;66;FRANCIADE / LANNE;;;;930
201100049643;11;11;16;1550;1;2;2;1.0;3.0;66;BONNEVIDE / VERLAINE;;;;930
201100049690;11;3;23;1415;1;2;3;1.0;2.0;70;SEINE / BATELIERS;;;;930
201100049741;11;10;24;755;2;2;1;1.0;3.0;70;136, AV MICHELET;;;;930
201100049748;11;11;10;1025;1;2;1;1.0;6.0;70;44, AV GABRIEL PERI;;;;930
201100049766;11;2;23;1620;1;2;3;2.0;3.0;72;GORKI / MONMOUSSEAU;;;;930
201100049772;11;5;5;1800;1;2;1;1.0;3.0;72;AV DE STALINGRAD;;;;930
201100049839;11;4;18;2200;3;1;1;1.0;1.0;78;AV DU SAUSSET;;;;930
201100049859;11;6;23;1900;1;2;1;1.0;3.0;73;R PIERRE BROSSOLETTE;;;;930
201100049915;11;5;19;1740;1;2;1;1.0;3.0;2;124, R EDOUARD VAILLANT;M;4880850.0;241895.0;940
201100049923;11;7;26;1720;1;2;1;1.0;3.0;2;R VAILLANT COUTURIER;M;4881070.0;241672.0;940
201100049925;11;8;31;900;1;2;4;1.0;3.0;2;DE GAULLE / BLANQUI;M;4881450.0;241193.0;940
201100050003;11;12;18;955;1;2;1;4.0;7.0;44;DESCARTES (AV);;;;940
201100050020;11;4;11;1145;1;2;1;1.0;3.0;71;R DE PARIS;M;4877300.0;250138.0;940
201100050022;11;4;17;1935;1;2;1;1.0;6.0;44;R ALBERT GARRY;M;4875800.0;248713.0;940
201100050023;11;4;19;1830;1;2;3;7.0;3.0;44;VALENTON / DAUMIER;M;4874310.0;250190.0;940
201100050036;11;5;19;650;1;2;2;1.0;3.0;71;ROYALE / CHASSE;M;4875600.0;253822.0;940
201100050052;11;7;6;1450;1;2;3;1.0;4.0;4;PARIS / LECLERC;M;4875370.0;250654.0;940
201100050165;11;8;16;1020;1;2;6;1.0;3.0;17;LE BOURSICAUD / PAUL;M;4881400.0;252670.0;940
201100050166;11;8;17;905;1;2;1;1.0;3.0;17;R DE LA PLAGE;M;4881390.0;250184.0;940
201100050175;11;9;19;1830;1;2;2;1.0;3.0;17;JAURES / GUITTARD;;;;940
201100050187;11;10;17;1810;1;2;3;1.0;6.0;17;POTTIER / VIADUC;;;;940
201100050240;11;5;20;1645;1;2;1;1.0;4.0;18;18, AV DE LA LIBERTE;M;4882560.0;240661.0;940
201100050248;11;7;5;1600;1;2;1;1.0;3.0;69;R DU MARECHAL LECLERC;M;4881790.0;244310.0;940
201100050249;11;8;8;2200;2;2;1;1.0;6.0;18;PONT MARTINET;M;4881790.0;241228.0;940
201100050258;11;9;8;1320;1;2;2;2.0;3.0;69;DU VALAIS / KENNEDY;;;;940
201100050264;11;9;29;1450;1;2;1;1.0;3.0;18;R DE LA REPUBLIQUE;;;;940
201100050286;11;5;22;1450;1;2;1;9.0;3.0;69;57, R DU MARECHAL LECLER;M;4881810.0;243184.0;940
201100050311;11;3;17;1020;1;2;4;1.0;3.0;79;FOCH / BRY;M;4883040.0;253722.0;940
201100050339;11;5;30;805;1;2;1;1.0;2.0;79;AV HENRI DUNANT;M;4882360.0;253556.0;940
201100050361;11;8;1;2010;1;2;3;1.0;3.0;19;RABELAIS / FRANCE;M;4880270.0;255345.0;940
201100050370;11;9;6;940;1;2;2;1.0;1.0;59;HERCULANUM / SIRENE;;;;940
201100050373;11;9;18;1030;1;2;6;1.0;3.0;59;ARDOUIN / KIFFER;;;;940
201100050407;11;12;26;900;1;2;1;1.0;3.0;55;186, OLIVIER D ORMESSON;;;;940
201100050410;11;3;10;715;2;2;3;1.0;3.0;22;VILLENEUVE / CORVOL;M;4876120.0;242050.0;940
201100050423;11;2;15;1830;2;2;3;2.0;3.0;22;ALFORTVILLE / FOLIE;M;4877200.0;241395.0;940
201100050449;11;4;11;1450;1;2;1;1.0;3.0;22;AV VICTOR HUGO;M;4876720.0;241511.0;940
201100050476;11;6;30;1500;1;2;3;1.0;2.0;22;8 MAI 1945 / FRANCE;M;4876440.0;240996.0;940
201100050483;11;9;1;1855;1;2;1;1.0;3.0;54;R CAMILLE GUERIN;;;;940
201100050505;11;1;19;835;1;2;1;1.0;2.0;11;SEMARD;M;4876350.0;248012.0;940
201100050511;11;2;3;1020;1;2;1;1.0;2.0;28;R DOMINIQUE DUVAUCHELLE;M;4876830.0;245844.0;940
201100050560;11;4;13;1540;1;2;2;1.0;3.0;28;CASALIS / KENNEDY;M;4878000.0;246168.0;940
201100050583;11;5;17;1455;1;2;1;1.0;3.0;28;18, AV PIERRE BROSSOLETT;M;4879170.0;246199.0;940
201100050598;11;6;8;2045;1;2;2;1.0;3.0;28;LIBRE / GAULLE;M;4878220.0;245474.0;940
201100050611;11;6;30;1530;1;2;1;1.0;7.0;28;RTE DE CHOISY;M;4878470.0;244808.0;940
201100050626;11;7;21;930;1;2;1;2.0;3.0;28;CHE DE LA POMPADOUR;M;4876630.0;247402.0;940
201100050638;11;8;17;1715;1;2;6;1.0;1.0;11;L'OUEST / PARIS;M;4878000.0;247587.0;940
201100050645;11;8;29;800;1;2;1;1.0;3.0;28;AV DES PETITES HAIES;M;4878810.0;243992.0;940
201100050657;11;9;22;1330;1;2;1;1.0;3.0;11;AV RHIN ET DANUBE;;;;940
201100050661;11;9;27;2000;5;2;1;1.0;3.0;28;AV DE VERDUN;;;;940
201100050668;11;10;5;1030;1;2;2;1.0;3.0;28;MESLY / MATISSE;;;;940
201100050749;11;12;6;835;1;2;2;2.0;6.0;33;MOT (R);;;;940
201100050799;11;4;1;1635;1;2;1;1.0;3.0;43;AV DE FONTAINEBLEAU;M;4881460.0;236088.0;940
201100050805;11;4;8;845;1;2;1;1.0;7.0;3;AV LAPLACE;M;4880960.0;232835.0;940
201100050816;11;4;30;1335;1;2;1;1.0;2.0;16;R MARC SANGNIER;M;4878600.0;233112.0;940
201100050836;11;5;22;1310;1;2;3;1.0;3.0;37;LOUIS / LEVANT;M;4880840.0;234545.0;940
201100050852;11;6;16;1815;1;2;1;1.0;7.0;43;PERI / GIDE;M;4880500.0;234493.0;940
201100050886;11;9;10;2225;5;2;3;1.0;2.0;37;COUTURIER / MALON;;;;940
201100050905;11;10;4;1800;1;2;2;1.0;3.0;76;VILLAS / ROUQUES;;;;940
201100050926;11;11;4;1330;1;2;1;1.0;3.0;3;AV LAPLACE;;;;940
201100050942;11;11;28;1825;5;2;1;8.0;3.0;3;AV DE LA CONVENTION;;;;940
201100050999;11;3;19;1120;1;2;1;1.0;3.0;65;AV DE FRESNES;M;4874850.0;234192.0;940
201100051023;11;4;28;1030;1;2;1;1.0;3.0;21;R D'AVIGNON;M;4876250.0;235097.0;940
201100051025;11;5;4;1400;1;2;1;1.0;3.0;21;AV DE LA REPUBLIQUE;M;4876190.0;236598.0;940
201100051056;11;6;21;1920;1;2;2;1.0;1.0;38;LALLIER / BICETRE;M;4877580.0;235340.0;940
201100051062;11;6;28;1910;1;2;1;1.0;2.0;65;BD CIRCULAIRE OUEST;M;4875640.0;235128.0;940
201100051077;11;7;25;1940;1;2;1;1.0;1.0;34;R DE VERDUN;M;4875620.0;231661.0;940
201100051119;11;10;3;1815;1;2;3;1.0;3.0;73;ROOSEVELT / HUGO;;;;940
201100051121;11;10;11;1145;1;2;2;8.0;3.0;34;BARBUSSE / LECLERC;;;;940
201100051134;11;10;26;1825;2;2;3;1.0;3.0;34;LIBERTE / PRES;;;;940
201100051137;11;10;28;1720;1;2;1;1.0;6.0;38;AV DU GENERAL DE GAULLE;;;;940
201100051158;11;11;25;1215;1;2;1;1.0;1.0;21;ALAIN LE COZ;;;;940
201100051161;11;11;27;1210;1;2;2;1.0;2.0;73;VERSAILLES / MULLER;;;;940
201100051213;11;3;16;1210;1;2;1;1.0;3.0;41;98,AV DANIELLE CASANOVA;M;4881610.0;238272.0;940
201100051220;11;4;13;825;1;2;1;1.0;3.0;41;AV DE VERDUN;M;4881310.0;237016.0;940
201100051257;11;7;12;1040;1;2;6;3.0;3.0;41;GAMBETTA / JAURES;M;4881460.0;240209.0;940
201100051272;11;9;2;720;1;2;1;1.0;2.0;41;PONT NELSON MANDELA;;;;940
201100051278;11;9;22;1330;1;2;1;1.0;2.0;41;R MARAT;;;;940
201100051280;11;9;25;625;5;2;1;1.0;2.0;41;BD DU COLONEL FABIEN;;;;940
201100051284;11;10;4;1115;1;2;2;1.0;3.0;41;COUTURIER / LENINE;;;;940
201100051289;11;10;12;2050;5;2;1;1.0;2.0;41;PONT NELSON MANDELA;;;;940
201100051297;11;11;18;935;1;2;1;1.0;3.0;41;AV MAURICE THOREZ;;;;940
201100051299;11;11;18;930;1;2;1;1.0;3.0;41;PONT NELSON MANDELA;;;;940
201100051322;11;1;17;1450;1;2;1;1.0;7.0;46;11, PLATEAU;M;4880380.0;245020.0;940
201100051341;11;4;27;1315;1;2;1;1.0;3.0;46;AV GAMBETTA;M;4880980.0;245175.0;940
201100051347;11;6;7;1630;1;2;3;1.0;3.0;46;CAMELIAS / CAMELIAS;M;4881170.0;242190.0;940