Num_Acc;an;mois;jour;hrmn;lum;agg;int;atm;col;com;adr;gps;lat;long;dep
201100060297;11;12;7;2245;5;2;7;8.0;6.0;111;10, PLACE DE LA REPUBLIQ;;;;750
201100060298;11;12;8;2025;4;2;7;1.0;3.0;111;2, BOULEVARD VOLTAIRE;;;;750
201100060306;11;12;14;945;1;2;2;1.0;7.0;111;88, RUE DE MONTREUIL;;;;750
201100060307;11;12;14;1500;1;2;2;1.0;6.0;111;71, RUE DE MONTREUIL;;;;750
201100060309;11;12;15;1815;5;2;1;1.0;3.0;111;31, RUE DU MOULIN JOLY;;;;750
201100060319;11;1;4;1125;1;2;1;1.0;2.0;112;21, RUE DE WATTIGNIES;;;;750
201100060333;11;1;15;1520;1;2;1;1.0;2.0;112;ROUTE DE LA FALUERE;;;;750
201100060335;11;1;16;1050;1;2;4;1.0;3.0;112;ROUTE DE LA TOURELLE;;;;750
201100060360;11;2;8;930;1;2;1;1.0;3.0;112;112, RUE DU FAUBOURG SAI;;;;750
201100060383;11;3;5;1325;1;2;1;1.0;3.0;112;BOULEVARD DIDEROT;;;;750
201100060389;11;3;10;1540;1;2;3;1.0;3.0;112;259, AVENUE DAUMESNIL;;;;750
201100060408;11;3;27;1027;1;2;1;2.0;7.0;112;AVENUE DE GRAVELLE;;;;750
201100060416;11;4;2;1335;1;2;1;1.0;2.0;112;ROUTE DE CEINTURE DU LAC;;;;750
201100060427;11;4;11;1600;1;2;2;1.0;6.0;112;21, AVENUE LEDRU ROLLIN;;;;750
201100060430;11;4;14;1000;1;2;2;1.0;3.0;112;QUAI DE BERCY;;;;750
201100060434;11;4;18;1230;1;2;1;1.0;7.0;112;269, AVENUE DAUMESNIL;;;;750
201100060442;11;4;22;1320;1;2;5;1.0;3.0;112;ROUTE DE LA PYRAMIDE;;;;750
201100060444;11;4;25;1830;1;2;1;1.0;3.0;112;18, RUE DE GRAVELLE;;;;750
201100060456;11;5;6;1515;1;2;2;1.0;3.0;112;157, RUE DE BERCY;;;;750
201100060469;11;5;14;1255;1;2;1;1.0;7.0;112;226, RUE DU FAUBOURG SAI;;;;750
201100060475;11;5;21;1130;1;2;2;1.0;3.0;112;90, BOULEVARD DIDEROT;;;;750
201100060478;11;5;23;915;1;2;1;1.0;3.0;112;72, BOULEVARD DE REUILLY;;;;750
201100060480;11;5;23;1935;1;2;7;1.0;6.0;112;PLACE DE LA NATION;;;;750
201100060496;11;6;8;1715;1;2;2;1.0;3.0;112;55, BOULEVARD DIDEROT;;;;750
201100060505;11;6;17;1715;1;2;1;2.0;2.0;112;170, RUE DE CHARENTON;;;;750
201100060510;11;6;23;900;1;2;3;8.0;7.0;112;/, AVENUE DAUMESNIL;;;;750
201100060514;11;6;24;1105;1;2;3;1.0;3.0;112;70, RUE DE LYON;;;;750
201100060537;11;7;12;2200;2;2;1;1.0;3.0;112;61, RUE DE LYON;;;;750
201100060540;11;7;18;1250;1;2;5;8.0;3.0;112;ROUTE DE LA PYRAMIDE;;;;750
201100060557;11;7;28;935;1;2;1;1.0;3.0;112;76, QUAI DE LA RAPEE;;;;750
201100060568;11;8;1;1540;1;2;2;1.0;3.0;112;255, AVENUE DAUMESNIL;;;;750
201100060571;11;8;4;1715;1;2;1;1.0;6.0;112;QUAI DE BERCY;;;;750
201100060578;11;8;14;1600;1;2;1;1.0;6.0;104;QUAI HENRI IV;;;;750
201100060597;11;9;3;1220;1;2;2;1.0;6.0;112;0, ROUTE DE BOURDON;;;;750
201100060601;11;9;7;1830;1;2;4;1.0;1.0;112;ROUTE DE LA TOURELLE;;;;750
201100060621;11;9;17;1400;1;2;1;8.0;3.0;112;296, RUE DU FAUBOURG SAI;;;;750
201100060626;11;9;19;1300;1;2;1;1.0;3.0;112;119, BOULEVARD DIDEROT;;;;750
201100060627;11;9;20;1920;1;2;1;1.0;4.0;112;ROUTE ROYALE DE BEAUTE;;;;750
201100060628;11;9;21;815;1;2;1;1.0;3.0;112;87, BOULEVARD DIDEROT;;;;750
201100060635;11;9;26;1730;1;2;1;1.0;2.0;112;PONT D AUSTERLITZ;;;;750
201100060641;11;9;30;1630;1;2;4;1.0;1.0;112;ROUTE DES FORTIFICATIONS;;;;750
201100060647;11;10;1;1830;2;2;3;1.0;3.0;112;12, ROUTE DE LA TOURELLE;;;;750
201100060657;11;10;7;720;2;2;1;1.0;3.0;112;AVENUE LEDRU ROLLIN;;;;750
201100060659;11;10;7;1450;1;2;1;2.0;6.0;112;2, AVENUE DU TRONE;;;;750
201100060664;11;10;11;1315;1;2;7;1.0;7.0;112;4, PLACE DE LA NATION;;;;750
201100060669;11;10;15;1523;1;2;7;1.0;2.0;112;ROUTE ROYALE DE BEAUTE;;;;750
201100060671;11;10;17;1820;1;2;4;1.0;3.0;112;AVENUE DE GRAVELLE;;;;750
201100060689;11;10;28;1650;1;2;3;1.0;6.0;112;24, BOULEVARD DE LA BAST;;;;750
201100060693;11;10;31;1650;1;2;2;1.0;3.0;112;ROUTE DE BOURDON;;;;750
201100060696;11;11;3;905;1;2;1;2.0;6.0;112;BOULEVARD DE LA BASTILLE;;;;750
201100060711;11;11;18;845;1;2;1;1.0;2.0;112;15, RUE TRAVERSIERE;;;;750
201100060712;11;11;18;1430;1;2;3;1.0;6.0;112;40, BOULEVARD DE PICPUS;;;;750
201100060716;11;11;21;945;1;2;4;1.0;3.0;112;18, BOULEVARD DE LA BAST;;;;750
201100060718;11;11;22;1355;1;2;1;1.0;1.0;112;QUAI DE BERCY;;;;750
201100060720;11;11;23;1000;1;2;1;1.0;6.0;112;33, RUE CROZATIER;;;;750
201100060722;11;11;25;1925;5;2;7;1.0;7.0;112;130, PLACE DE LA BASTILL;;;;750
201100060732;11;11;29;2315;5;2;5;2.0;1.0;112;RUE DU FAUBOURG SAINT AN;;;;750
201100060734;11;12;1;1013;1;2;7;2.0;7.0;112;PLACE LACHAMBEAUDIE;;;;750
201100060737;11;12;3;1810;5;2;3;2.0;6.0;112;0, RUE DU SAHEL;;;;750
201100060751;11;12;10;2125;5;2;2;1.0;3.0;112;AVENUE LEDRU ROLLIN;;;;750
201100060790;11;1;20;1930;5;2;1;1.0;6.0;113;15, RUE VULPIAN;;;;750
201100060795;11;2;1;825;1;2;1;1.0;3.0;113;AVENUE CLAUDE REGAUD;;;;750
201100060799;11;2;2;1205;1;2;1;1.0;3.0;113;97, AVENUE D ITALIE;;;;750
201100060803;11;2;6;1545;1;2;2;2.0;6.0;113;QUAI PANHARD ET LEVASSOR;;;;750
201100060812;11;2;14;840;1;2;1;1.0;3.0;113;AVENUE D ITALIE;;;;750
201100060841;11;3;16;1125;1;2;5;1.0;3.0;113;107, RUE DE TOLBIAC;;;;750
201100060846;11;3;20;1425;1;2;2;1.0;3.0;113;86, AVENUE D ITALIE;;;;750
201100060849;11;3;22;1745;1;2;1;1.0;6.0;113;10, RUE DE TOLBIAC;;;;750
201100060856;11;3;31;1630;1;2;1;1.0;3.0;113;169, RUE DE TOLBIAC;;;;750
201100060858;11;4;1;1610;1;2;1;1.0;7.0;113;80, RUE DE TOLBIAC;;;;750
201100060861;11;4;5;1250;1;2;3;1.0;2.0;113;face au 84, BOULEVARD KE;;;;750
201100060866;11;4;6;1900;1;2;5;1.0;3.0;113;1, RUE EUGENE OUDINE;;;;750
201100060868;11;4;8;1420;1;2;5;1.0;2.0;113;129, RUE DE LA GLACIERE;;;;750
201100060869;11;4;8;1900;1;2;1;1.0;7.0;113;142, BOULEVARD MASSENA;;;;750
201100060875;11;4;12;1815;1;2;1;1.0;3.0;113;24, RUE NEUVE TOLBIAC;;;;750
201100060886;11;4;22;1615;1;2;1;1.0;7.0;113;14, BOULEVARD KELLERMANN;;;;750
201100060902;11;5;5;1750;1;2;1;1.0;3.0;113;184, AVENUE D ITALIE;;;;750
201100060912;11;5;10;1810;1;2;2;1.0;2.0;113;RUE DE TOLBIAC;;;;750
201100060919;11;5;17;855;1;2;5;1.0;6.0;113;83, BOULEVARD SAINT MARC;;;;750
201100060920;11;5;17;1855;1;2;1;1.0;6.0;113;48, RUE JEANNE D ARC;;;;750
201100060921;11;5;17;1930;1;2;5;1.0;6.0;113;63, BOULEVARD KELLERMANN;;;;750
201100060926;11;5;22;1330;1;2;1;1.0;3.0;113;19, RUE EMILE DURKHEIM;;;;750
201100060935;11;5;26;1845;1;2;2;1.0;3.0;113;BOULEVARD ARAGO;;;;750
201100060939;11;5;30;930;1;2;5;1.0;7.0;113;127, BOULEVARD VINCENT A;;;;750
201100060946;11;6;9;1400;1;2;2;1.0;3.0;113;BOULEVARD VINCENT AURIOL;;;;750
201100060957;11;6;17;1255;1;2;1;1.0;2.0;113;55/57, AVENUE D ITALIE;;;;750
201100060968;11;6;30;1315;1;2;5;1.0;3.0;113;AVENUE DE LA PORTE D ITA;;;;750
201100060972;11;7;4;800;1;2;3;1.0;3.0;113;75, QUAI PANHARD ET LEVA;;;;750
201100060987;11;7;25;1800;1;2;2;1.0;7.0;113;25-27, BOULEVARD ARAGO;;;;750
201100061014;11;9;9;725;1;2;2;1.0;3.0;113;193, RUE DE TOLBIAC;;;;750
201100061019;11;9;14;855;1;2;1;1.0;3.0;113;52, BOULEVARD DE L HOPIT;;;;750
201100061031;11;9;28;810;1;2;2;1.0;3.0;113;35, AVENUE DES GOBELINS;;;;750
201100061067;11;10;27;1730;1;2;1;1.0;6.0;113;147, BOULEVARD AUGUSTE B;;;;750
201100061069;11;10;29;1230;1;2;2;1.0;3.0;113;12, BOULEVARD DE L HOPIT;;;;750
201100061095;11;11;21;940;1;2;2;1.0;3.0;113;26, RUE NEUVE TOLBIAC;;;;750
201100061099;11;11;25;1930;5;2;2;1.0;2.0;113;AVENUE PIERRE MENDES FRA;;;;750
201100061100;11;11;27;1245;1;2;3;1.0;1.0;113;98, BOULEVARD MASSENA;;;;750
201100061115;11;12;11;2005;5;2;1;2.0;3.0;113;36, RUE PASCAL;;;;750
201100061136;11;1;1;350;5;2;1;1.0;6.0;114;72, AVENUE DU MAINE;;;;750
201100061168;11;2;10;1345;1;2;1;1.0;3.0;114;128, BOULEVARD BRUNE;;;;750
201100061187;11;3;7;1105;1;2;5;1.0;3.0;114;2, AVENUE DU GENERAL LEC;;;;750
201100061188;11;3;8;845;1;2;1;1.0;3.0;114;75, AVENUE DENFERT ROCHE;;;;750
201100061189;11;3;9;845;1;2;3;1.0;3.0;114;53, AVENUE DU GENERAL LE;;;;750
201100061191;11;3;16;1930;5;2;2;1.0;7.0;114;130, AVENUE DU GENERAL L;;;;750
201100061201;11;3;26;2025;5;2;4;2.0;3.0;114;BOULEVARD ROMAIN ROLLAND;;;;750
201100061205;11;3;29;1830;2;2;2;2.0;3.0;114;2, RUE DES PLANTES;;;;750
201100061229;11;4;18;635;2;2;1;1.0;3.0;114;63, BOULEVARD BRUNE;;;;750
201100061234;11;4;23;1310;1;2;1;1.0;3.0;114;36, BOULEVARD EDGAR QUIN;;;;750
201100061235;11;4;27;1150;1;2;1;1.0;3.0;114;101, BOULEVARD BRUNE;;;;750
201100061237;11;4;28;850;1;2;1;1.0;3.0;114;32, AVENUE REILLE;;;;750
201100061254;11;5;10;1900;1;2;1;1.0;3.0;114;82bis, BOULEVARD DU MONT;;;;750
201100061256;11;5;12;1815;1;2;3;1.0;6.0;114;4, RUE ERNEST CRESSON;;;;750
201100061258;11;5;14;1940;1;2;1;1.0;3.0;114;68, BOULEVARD DU MONTPAR;;;;750
201100061260;11;5;18;1926;1;2;7;1.0;3.0;114;PLACE DENFERT ROCHEREAU;;;;750
201100061261;11;5;19;2000;1;2;1;1.0;6.0;114;88, BOULEVARD JOURDAN;;;;750
201100061262;11;5;21;1840;1;2;3;1.0;3.0;114;RUE GUILLEMINOT;;;;750
201100061266;11;5;23;1720;1;2;5;1.0;3.0;114;16, RUE D ALESIA;;;;750
201100061272;11;5;29;1555;1;2;7;1.0;6.0;114;RUE VERCINGETORIX;;;;750
201100061282;11;6;15;950;1;2;1;1.0;2.0;114;3 bis, RUE D ALESIA;;;;750
201100061285;11;6;16;2002;1;2;2;1.0;2.0;114;RUE DE LA LEGION ETRANGE;;;;750
201100061308;11;7;13;1935;1;2;1;1.0;3.0;114;49, AVENUE DU MAINE;;;;750
201100061310;11;7;17;2000;2;2;2;1.0;6.0;114;BOULEVARD BRUNE;;;;750
201100061322;11;8;3;345;5;2;3;2.0;7.0;114;101, BOULEVARD BRUNE;;;;750
201100061323;11;8;4;845;1;2;5;1.0;6.0;114;203, BOULEVARD BRUNE;;;;750
201100061328;11;8;20;1820;1;2;5;1.0;6.0;114;AVENUE DE LA PORTE D ORL;;;;750
201100061336;11;9;6;1335;1;2;3;1.0;3.0;114;225, RUE D ALESIA;;;;750
201100061340;11;9;14;1705;1;2;2;1.0;1.0;114;83, BOULEVARD ARAGO;;;;750
201100061354;11;9;29;1820;1;2;7;1.0;3.0;114;PLACE DE CATALOGNE;;;;750
201100061357;11;10;3;1725;1;2;2;1.0;3.0;114;12, BOULEVARD SAINT JACQ;;;;750
201100061359;11;10;11;1950;5;2;1;1.0;6.0;114;48, BOULEVARD EDGAR QUIN;;;;750
201100061365;11;10;17;1418;1;2;7;1.0;3.0;114;23, PLACE DE CATALOGNE;;;;750
201100061375;11;10;31;810;1;2;3;1.0;3.0;114;1, RUE DU COMMANDANT REN;;;;750
201100061406;11;11;30;1715;5;2;3;1.0;3.0;114;AVENUE DE LA PORTE DE CH;;;;750
201100061444;11;1;14;1624;1;2;1;1.0;6.0;115;145, AVENUE FELIX FAURE;;;;750
201100061453;11;1;29;940;1;2;2;1.0;6.0;115;107, RUE DE LA CONVENTIO;;;;750
201100061462;11;2;8;1305;1;2;2;1.0;6.0;115;21, RUE DE VOUILLE;;;;750
201100061467;11;2;11;840;1;2;1;1.0;6.0;115;ALLEE DU GENERAL DENAIN;;;;750
201100061474;11;2;23;1810;5;2;5;2.0;3.0;115;RUE DE VAUGIRARD;;;;750
201100061480;11;2;24;2015;5;2;2;1.0;3.0;115;0, AVENUE DE SUFFREN;;;;750
201100061481;11;2;27;1210;1;2;1;1.0;6.0;115;93, RUE CAMBRONNE;;;;750
201100061484;11;2;24;100;5;2;2;2.0;3.0;115;0, AVENUE FELIX FAURE;;;;750
201100061493;11;3;4;1915;5;2;1;1.0;3.0;115;5, AVENUE ALBERT BARTHOL;;;;750
201100061503;11;3;8;1830;5;2;2;1.0;4.0;115;0, RUE DE LA CONVENTION;;;;750
201100061504;11;3;8;2020;5;2;2;1.0;3.0;115;0, RUE BLOMET;;;;750
201100061536;11;4;1;1815;1;2;5;1.0;6.0;115;2, AVENUE EMILE ZOLA;;;;750
201100061548;11;4;8;940;1;2;5;1.0;7.0;115;68, BOULEVARD PASTEUR;;;;750
201100061549;11;4;9;1705;1;2;1;1.0;3.0;115;18, BOULEVARD DE VAUGIRA;;;;750
201100061553;11;4;22;1030;1;2;1;1.0;3.0;115;23, RUE DU DEPART;;;;750
201100061555;11;4;26;1600;1;2;3;1.0;3.0;115;0, RUE ROSENWALD;;;;750
201100061565;11;5;2;1235;1;2;1;1.0;2.0;115;29, RUE DE CRONSTADT;;;;750
201100061593;11;5;31;2015;1;2;3;1.0;2.0;115;208, RUE DE VAUGIRARD;;;;750
201100061597;11;5;20;2321;5;2;2;1.0;3.0;115;0, RUE DE LA CONVENTION;;;;750
201100061600;11;6;4;1040;1;2;7;1.0;6.0;115;363, RUE LECOURBE;;;;750
201100061603;11;6;9;2030;1;2;1;1.0;3.0;115;155, RUE DE LA CONVENTIO;;;;750
201100061613;11;6;20;1340;1;2;5;1.0;3.0;115;RUE DE LA CROIX NIVERT;;;;750
201100061623;11;6;30;1000;1;2;2;1.0;7.0;115;RUE DE LA CONVENTION;;;;750
201100061633;11;7;7;1705;1;2;1;1.0;3.0;115;80, BOULEVARD GARIBALDI;;;;750
201100061636;11;7;10;1015;1;2;1;1.0;2.0;115;RUE D ORADOUR SUR GLANE;;;;750
201100061647;11;7;19;1810;1;2;1;1.0;6.0;115;53, BOULEVARD LEFEBVRE;;;;750
201100061651;11;7;28;1735;1;2;3;1.0;3.0;115;94, AVENUE DE SUFFREN;;;;750
201100061653;11;7;31;915;1;2;2;1.0;6.0;115;68, AVENUE DE LA MOTTE P;;;;750
201100061654;11;7;31;1215;1;2;3;1.0;6.0;115;11, RUE DU COMMERCE;;;;750
201100061664;11;8;10;1115;1;2;1;1.0;3.0;115;127bis, BOULEVARD DE GRE;;;;750
201100061670;11;8;24;710;1;2;2;1.0;3.0;115;RUE DU COMMERCE;;;;750
201100061673;11;8;25;2325;5;2;5;1.0;2.0;115;83, RUE CAMBRONNE;;;;750
201100061675;11;8;31;1030;1;2;1;1.0;3.0;115;130, RUE SAINT CHARLES;;;;750
201100061677;11;9;2;1905;1;2;1;1.0;3.0;115;129, RUE DE LOURMEL;;;;750
201100061682;11;9;9;2045;5;2;5;1.0;3.0;115;1, BOULEVARD DE VAUGIRAR;;;;750
201100061683;11;9;10;1910;2;2;1;1.0;7.0;115;244, RUE LECOURBE;;;;750
201100061689;11;9;15;1725;1;2;3;1.0;6.0;115;86, BOULEVARD LEFEBVRE;;;;750
201100061699;11;9;23;1200;1;2;1;1.0;3.0;115;25, RUE VASCO DE GAMA;;;;750
201100061704;11;9;28;1250;1;2;1;1.0;3.0;115;75, RUE DE LA CONVENTION;;;;750
201100061711;11;10;3;845;1;2;1;1.0;2.0;115;AVENUE ERNEST RENAN;;;;750
201100061737;11;10;17;2140;5;2;5;1.0;3.0;114;AVENUE RENE COTY;;;;750
201100061738;11;10;18;1534;1;2;1;2.0;3.0;115;3, RUE DE L ARRIVEE;;;;750
201100061748;11;10;28;855;1;2;5;1.0;7.0;115;238, RUE DE LA CONVENTIO;;;;750
201100061749;11;10;28;1945;5;2;7;1.0;2.0;115;49, RUE DES ENTREPRENEUR;;;;750
201100061756;11;11;4;1040;1;2;3;1.0;6.0;115;70, RUE DU COMMERCE;;;;750
201100061760;11;11;8;800;1;2;1;2.0;7.0;115;BOULEVARD PASTEUR;;;;750
201100061767;11;11;17;2010;5;2;1;1.0;3.0;115;73, RUE DE LA CONVENTION;;;;750
201100061786;11;12;1;1905;5;2;1;1.0;6.0;115;RUE DE LA CONVENTION;;;;750
201100061791;11;12;6;1315;1;2;1;1.0;6.0;115;24, AVENUE DE LA PORTE D;;;;750
201100061793;11;12;7;1950;5;2;1;2.0;7.0;115;13, BOULEVARD VICTOR;;;;750
201100061798;11;12;10;1120;1;2;1;1.0;3.0;115;47, RUE DES VOLONTAIRES;;;;750
201100061814;11;12;24;1200;1;2;3;1.0;2.0;115;73, AVENUE FELIX FAURE;;;;750
201100061827;11;1;8;1400;1;2;1;1.0;3.0;116;PLACE DU TROCADERO;;;;750
201100061846;11;1;16;1200;1;2;1;1.0;7.0;116;ROUTE DES TRIBUNES;;;;750
201100061851;11;1;19;1350;1;2;5;1.0;3.0;116;60, AVENUE DE NEW YORK;;;;750
201100061896;11;3;1;1055;1;2;1;1.0;7.0;116;5, ROUTE DES TRIBUNES;;;;750
201100061915;11;3;16;1000;1;2;2;1.0;3.0;116;RUE DE LA TOUR;;;;750
201100061919;11;3;16;1655;1;2;1;1.0;7.0;116;RUE BEETHOVEN;;;;750
201100061928;11;3;20;1050;1;2;1;1.0;2.0;116;2, ROUTE DES TRIBUNES;;;;750
201100061932;11;3;23;1500;1;2;1;1.0;3.0;116;30, AVENUE VICTOR HUGO;;;;750
201100061935;11;3;24;910;1;2;1;1.0;3.0;116;ALLEE DE LONGCHAMP;;;;750
201100061958;11;4;5;1800;1;2;1;1.0;1.0;116;ROUTE DE SEVRES A NEUILL;;;;750
201100061972;11;4;10;1650;1;2;1;1.0;6.0;116;ROUTE DE LA PTE DAUPHINE;;;;750
201100061973;11;4;11;1740;1;2;3;1.0;7.0;116;BOULEVARD DE L AMIRAL BR;;;;750
201100061974;11;4;11;1835;1;2;1;1.0;7.0;116;59 bis, BOULEVARD MURAT;;;;750
201100061975;11;4;12;1930;2;2;1;1.0;2.0;116;ROUTE DE SEVRES A NEUILL;;;;750
201100061986;11;4;25;1145;1;2;1;1.0;2.0;116;02, ROUTE DES TRIBUNES;;;;750
201100061988;11;4;26;915;1;2;1;1.0;3.0;116;19, RUE DE PRESBOURG;;;;750
201100061998;11;4;30;1740;1;2;1;1.0;7.0;116;ROUTE DE LA LONGUE QUEUE;;;;750
201100062001;11;5;3;815;1;2;4;1.0;3.0;116;40, RUE DE BOULAINVILLIE;;;;750
201100062011;11;5;8;1930;1;2;1;1.0;3.0;116;12, BOULEVARD EXELMANS;;;;750
201100062028;11;5;17;1730;1;2;1;1.0;3.0;116;RUE DU RANELAGH;;;;750
201100062043;11;5;25;1920;1;2;1;1.0;6.0;116;127, RUE DU RANELAGH;;;;750
201100062058;11;6;1;2020;1;2;5;1.0;3.0;116;1, PLACE DE VARSOVIE;;;;750
201100062072;11;6;13;1520;1;2;5;1.0;6.0;116;BOULEVARD EMILE AUGIER;;;;750
201100062086;11;6;17;1305;1;2;1;2.0;6.0;116;ROUTE DES TRIBUNES;;;;750
201100062097;11;6;23;1550;1;2;5;1.0;6.0;116;AVENUE DU PRESIDENT KENN;;;;750
201100062104;11;6;27;1345;1;2;7;1.0;3.0;116;PLACE DU MARECHAL DE LAT;;;;750
201100062107;11;6;27;1915;1;2;3;1.0;5.0;116;ALLEE DU BORD DE L EAU;;;;750
201100062111;11;6;29;1155;1;2;1;1.0;2.0;116;ROUTE DE SEVRES A NEUILL;;;;750
201100062122;11;7;4;2130;2;2;5;1.0;3.0;116;RUE BOISSIERE;;;;750
201100062130;11;7;13;1555;1;2;1;1.0;3.0;116;AVENUE DES NATIONS UNIES;;;;750
201100062138;11;7;22;1010;1;2;1;8.0;7.0;116;ROUTE DE SURESNES;;;;750
201100062160;11;8;17;2010;2;2;4;1.0;6.0;116;CHEMIN DE LA CROIX CATEL;;;;750
201100062162;11;8;19;1235;1;2;5;1.0;6.0;116;52, RUE MOLITOR;;;;750
201100062177;11;9;2;2115;5;2;1;1.0;3.0;116;Vis ? vis8, ALLEE DU BOR;;;;750
201100062193;11;9;14;1020;1;2;7;1.0;3.0;116;AVENUE GEORGES MANDEL;;;;750
201100062197;11;9;15;2330;5;2;1;1.0;2.0;116;60, AVENUE DE NEW YORK;;;;750
201100062203;11;9;19;2025;5;2;5;1.0;3.0;116;AVENUE PAUL DOUMER;;;;750
201100062226;11;10;3;845;1;2;1;1.0;7.0;115;PONT DU GARIGLIANO;;;;750
201100062230;11;10;5;1525;1;2;1;1.0;3.0;116;PLACE DU TROCADERO ET DU;;;;750
201100062231;11;10;5;1535;1;2;1;1.0;3.0;116;10, RUE CLAUDE FARRERE;;;;750
201100062246;11;10;10;1600;1;2;3;1.0;3.0;116;BOULEVARD EMILE AUGIER;;;;750
201100062254;11;10;16;1530;1;2;1;1.0;7.0;116;ROUTE DE SEVRES A NEUILL;;;;750
201100062279;11;11;2;1430;1;2;1;1.0;7.0;116;ROUTE DE SEVRES A NEUILL;;;;750
201100062282;11;11;4;905;1;2;7;1.0;3.0;116;PLACE DU TROCADERO;;;;750
201100062283;11;11;5;830;1;2;3;2.0;7.0;116;25bis, RUE BENJAMIN FRAN;;;;750
201100062284;11;11;6;1045;1;2;1;1.0;6.0;116;ROUTE DES TRIBUNES;;;;750
201100062288;11;11;8;1210;1;2;1;2.0;7.0;116;14, SQUARE ALBONI;;;;750
201100062301;11;11;13;1605;1;2;1;1.0;7.0;116;76, AVENUE KLEBER;;;;750
201100062327;11;11;29;2240;5;2;1;1.0;3.0;116;09, BOULEVARD LANNES;;;;750
201100062362;11;12;17;1750;3;2;2;2.0;3.0;116;ROUTE DE LA PTE DES SABL;;;;750
201100062384;11;1;4;1420;1;2;1;1.0;6.0;117;145, AVENUE DE VILLIERS;;;;750
201100062385;11;1;5;940;1;2;1;1.0;3.0;117;87, RUE DE TOCQUEVILLE;;;;750
201100062397;11;1;13;1330;1;2;1;1.0;4.0;117;118, AVENUE DE VILLIERS;;;;750
201100062406;11;1;22;2330;5;2;2;2.0;6.0;117;AVENUE DE CLICHY;;;;750
201100062491;11;4;10;215;5;2;2;1.0;3.0;117;AVENUE DE CLICHY;;;;750
201100062502;11;4;20;820;1;2;1;1.0;3.0;117;55, RUE GUY MOQUET;;;;750
201100062505;11;4;21;2110;5;2;1;1.0;3.0;117;08, AVENUE DES TERNES;;;;750
201100062511;11;4;26;1935;1;2;5;1.0;6.0;117;11, PLACE DE LA PORTE DE;;;;750
201100062512;11;4;26;2215;5;2;4;1.0;3.0;117;16, AVENUE DE LA GRANDE;;;;750
201100062530;11;5;10;1328;1;2;2;1.0;3.0;117;49, RUE JOUFFROY D ABBAN;;;;750
201100062531;11;5;10;1700;1;2;2;1.0;3.0;117;96, AVENUE DE CLICHY;;;;750
201100062550;11;5;20;1240;1;2;5;1.0;2.0;117;3, PLACE DU MARECHAL JUI;;;;750
201100062557;11;5;25;1508;1;2;5;1.0;3.0;117;1, AVENUE DE LA PORTE D;;;;750
201100062559;11;5;28;1745;1;2;4;1.0;3.0;117;59, AVENUE DE SAINT OUEN;;;;750
201100062560;11;5;28;1820;1;2;1;1.0;6.0;117;52, BOULEVARD BERTHIER;;;;750
201100062567;11;6;3;830;1;2;2;1.0;1.0;117;114, RUE DE TOCQUEVILLE;;;;750
201100062574;11;6;16;1810;1;2;1;1.0;2.0;116;ROUTE DE SEVRES A NEUILL;;;;750
201100062575;11;6;17;1930;1;2;2;1.0;6.0;117;129, AVENUE DE CLICHY;;;;750
201100062585;11;6;24;930;1;2;1;1.0;6.0;117;70, BOULEVARD DE COURCEL;;;;750
201100062589;11;6;28;1515;1;2;1;1.0;6.0;108;71, RUE D AMSTERDAM;;;;750
201100062591;11;6;29;105;5;2;5;1.0;3.0;117;BOULEVARD PEREIRE;;;;750
201100062597;11;7;4;1225;1;2;5;1.0;3.0;117;42, BOULEVARD BESSIERES;;;;750
201100062600;11;7;7;2000;1;2;1;1.0;7.0;117;2, AVENUE DES TERNES;;;;750
201100062604;11;7;15;1555;1;2;7;1.0;3.0;117;122, BOULEVARD PEREIRE;;;;750
201100062610;11;7;25;1940;1;2;1;1.0;2.0;117;50, AVENUE DES TERNES;;;;750
201100062626;11;8;10;20;5;2;4;1.0;3.0;117;AVENUE DE LA PORTE D ASN;;;;750
201100062628;11;8;10;1900;1;2;5;1.0;6.0;117;100, RUE PIERRE DEMOURS;;;;750
201100062635;11;8;25;920;1;2;3;1.0;3.0;117;face 173, AVENUE DE LA P;;;;750
201100062637;11;8;25;1910;1;2;3;1.0;3.0;116;3, RUE DE L AMIRAL CLOUE;;;;750
201100062660;11;9;13;1015;1;2;2;1.0;3.0;117;19, AVENUE BRUNETIERE;;;;750
201100062708;11;10;14;950;1;2;1;1.0;3.0;117;7, RUE DU DOBROPOL;;;;750
201100062711;11;10;15;2025;5;2;1;1.0;2.0;117;90, AVENUE DE VILLIERS;;;;750
201100062715;11;10;17;2045;5;2;4;1.0;3.0;117;85, AVENUE NIEL;;;;750
201100062716;11;10;18;1505;1;2;1;8.0;3.0;117;12, AVENUE DE LA GRANDE;;;;750
201100062828;11;1;30;2110;5;2;1;1.0;3.0;118;6, BOULEVARD ORNANO;;;;750
201100062871;11;3;24;1500;1;2;1;1.0;3.0;118;54, BOULEVARD DE CLICHY;;;;750
201100062875;11;3;31;1800;1;2;2;1.0;6.0;118;2, BOULEVARD DE CLICHY;;;;750
201100062876;11;3;31;1825;1;2;1;1.0;3.0;118;53, RUE MARX DORMOY;;;;750
201100062878;11;4;1;2040;5;2;1;1.0;3.0;118;13, RUE CUSTINE;;;;750