Num_Acc;an;mois;jour;hrmn;lum;agg;int;atm;col;com;adr;gps;lat;long;dep
201100062889;11;4;9;1630;1;2;5;1.0;3.0;118;RUE CHAMPIONNET;;;;750
201100062916;11;5;6;1340;1;2;5;1.0;3.0;118;177, RUE ORDENER;;;;750
201100062924;11;5;10;1600;1;2;1;1.0;3.0;118;84, BOULEVARD NEY;;;;750
201100062943;11;5;23;1735;1;2;1;1.0;6.0;118;56, RUE MARX DORMOY;;;;750
201100062982;11;7;6;820;1;2;2;1.0;3.0;118;RUE D AUBERVILLIERS;;;;750
201100062988;11;7;16;2250;5;2;4;3.0;6.0;118;43-45, BOULEVARD NEY;;;;750
201100063011;11;8;24;800;1;2;1;8.0;6.0;118;23, RUE FRANCOEUR;;;;750
201100063019;11;9;1;1810;1;2;1;1.0;6.0;118;30, RUE DAMREMONT;;;;750
201100063033;11;9;14;2040;5;2;1;1.0;6.0;118;47, RUE ORDENER;;;;750
201100063034;11;9;18;1540;1;2;1;2.0;6.0;118;43, RUE D AUBERVILLIERS;;;;750
201100063049;11;9;28;1815;1;2;4;1.0;3.0;118;02, RUE DE CHARTRES;;;;750
201100063052;11;10;1;100;5;2;2;1.0;6.0;118;162 bis, RUE ORDENER;;;;750
201100063070;11;10;12;1910;5;2;5;1.0;6.0;118;62, RUE DE LA CHAPELLE;;;;750
201100063078;11;10;14;1005;1;2;3;1.0;3.0;118;2, PLACE DE LA CHAPELLE;;;;750
201100063087;11;10;21;930;1;2;1;1.0;2.0;118;47, RUE ORDENER;;;;750
201100063100;11;11;5;140;5;2;2;3.0;2.0;118;02, RUE DE LA CHAPELLE;;;;750
201100063141;11;12;2;1900;5;2;1;1.0;3.0;118;73, RUE DAMREMONT;;;;750
201100063147;11;12;5;1900;5;2;4;2.0;6.0;118;1 bis, RUE JOSEPH DIJON;;;;750
201100063190;11;1;15;2255;3;2;3;1.0;3.0;119;221, BOULEVARD MACDONALD;;;;750
201100063237;11;3;23;1600;1;2;1;1.0;6.0;119;128, AVENUE JEAN JAURES;;;;750
201100063238;11;3;23;1955;5;2;3;1.0;3.0;119;168, BOULEVARD DE LA VIL;;;;750
201100063250;11;3;30;715;2;2;1;1.0;3.0;119;24, RUE DE L OURCQ;;;;750
201100063276;11;4;15;840;1;2;1;1.0;6.0;119;AVENUE JEAN JAURES;;;;750
201100063284;11;4;26;2000;1;2;5;1.0;3.0;119;PLACE DE LA BATAILLE DE;;;;750
201100063304;11;5;13;740;1;2;3;1.0;1.0;119;210, AVENUE JEAN JAURES;;;;750
201100063305;11;5;13;1315;1;2;2;1.0;2.0;119;121, AVENUE JEAN JAURES;;;;750
201100063310;11;5;16;850;1;2;5;1.0;3.0;119;AVENUE DE LA PORTE CHAUM;;;;750
201100063313;11;5;16;1530;1;2;1;1.0;3.0;119;51, RUE DE BELLEVILLE;;;;750
201100063330;11;5;27;1605;1;2;1;1.0;3.0;119;1/3, AVENUE DE FLANDRE;;;;750
201100063335;11;6;7;1400;1;2;7;2.0;3.0;119;PLACE AUGUSTE BARON;;;;750
201100063361;11;7;2;1930;1;2;2;1.0;3.0;110;180, BOULEVARD DE LA VIL;;;;750
201100063362;11;7;3;1600;1;2;1;1.0;3.0;119;17, RUE LEON GIRAUD;;;;750
201100063376;11;7;22;915;1;2;1;1.0;7.0;119;7, QUAI DE LA SEINE;;;;750
201100063388;11;8;12;930;1;2;1;8.0;6.0;119;30, RUE DE L OURCQ;;;;750
201100063390;11;8;17;2200;5;2;1;1.0;3.0;119;59, RUE RIQUET;;;;750
201100063392;11;8;19;1550;1;2;1;1.0;2.0;119;144, AVENUE DE FLANDRE;;;;750
201100063396;11;8;22;2000;1;2;3;2.0;3.0;119;BOULEVARD MACDONALD;;;;750
201100063398;11;8;23;1600;1;2;1;1.0;3.0;119;148, BOULEVARD DE LA VIL;;;;750
201100063406;11;9;5;1636;1;2;1;1.0;3.0;119;45, RUE ARMAND CARREL;;;;750
201100063422;11;9;24;1745;1;2;1;1.0;7.0;119;19, RUE LALLY TOLLENDAL;;;;750
201100063423;11;9;24;2035;5;2;3;1.0;3.0;119;67, RUE DE BELLEVILLE;;;;750
201100063435;11;10;11;1935;5;2;7;1.0;6.0;119;3, AVENUE MATHURIN MOREA;;;;750
201100063443;11;10;17;900;1;2;1;1.0;6.0;119;132, AVENUE JEAN JAURES;;;;750
201100063447;11;10;19;2015;5;2;7;8.0;3.0;119;PLACE SKANDERBEG;;;;750
201100063448;11;10;22;1730;1;2;5;1.0;3.0;119;0, BOULEVARD DE LA VILLE;;;;750
201100063456;11;10;28;2045;5;2;2;1.0;3.0;119;110, AVENUE JEAN JAURES;;;;750
201100063460;11;10;31;1030;1;2;2;1.0;3.0;119;127/131, AVENUE JEAN JAU;;;;750
201100063462;11;11;3;1505;1;2;1;2.0;6.0;119;21, AVENUE CORENTIN CARI;;;;750
201100063470;11;11;9;805;2;2;1;1.0;2.0;119;39, AVENUE DE FLANDRE;;;;750
201100063490;11;12;7;1400;1;2;1;2.0;3.0;119;154, AVENUE JEAN JAURES;;;;750
201100063499;11;12;17;1300;1;2;1;1.0;3.0;119;233, RUE DE CRIMEE;;;;750
201100063508;11;1;7;2045;5;2;2;1.0;6.0;120;20, RUE SAINT BLAISE;;;;750
201100063528;11;2;2;1720;1;2;4;1.0;7.0;120;27, RUE DE LA BIDASSOA;;;;750
201100063531;11;2;3;1825;5;2;5;1.0;3.0;120;29, RUE HENRI CHEVREAU;;;;750
201100063570;11;3;8;1818;1;2;1;1.0;6.0;120;56, RUE DES PYRENEES;;;;750
201100063571;11;3;9;920;1;2;1;8.0;3.0;120;06, RUE DE LAGNY;;;;750
201100063593;11;3;23;833;1;2;3;1.0;3.0;120;AVENUE DE LA PORTE DE VI;;;;750
201100063595;11;3;23;1651;1;2;3;1.0;7.0;120;4, BOULEVARD DE BELLEVIL;;;;750
201100063597;11;3;26;1815;1;2;1;2.0;6.0;120;11, RUE DE LAGNY;;;;750
201100063608;11;4;10;1420;1;2;1;7.0;6.0;120;175, AVENUE GAMBETTA;;;;750
201100063616;11;4;16;1850;1;2;1;1.0;6.0;120;59, RUE OLIVIER METRA;;;;750
201100063629;11;4;26;1915;1;2;1;1.0;6.0;120;253, RUE DES PYRENEES;;;;750
201100063637;11;5;2;1633;1;2;1;2.0;3.0;120;92, RUE DES PYRENEES;;;;750
201100063638;11;5;3;927;1;2;2;1.0;6.0;120;0, RUE DE MENILMONTANT;;;;750
201100063646;11;5;6;900;1;2;1;1.0;6.0;120;87, RUE DE MENILMONTANT;;;;750
201100063667;11;5;27;1750;1;2;4;1.0;3.0;120;0, AVENUE IBSEN;;;;750
201100063679;11;6;12;935;1;2;1;1.0;6.0;120;34/36, RUE DES DOCTEURS;;;;750
201100063692;11;6;25;750;1;2;7;1.0;3.0;120;AVENUE GAMBETTA;;;;750
201100063707;11;7;7;1055;1;2;5;1.0;6.0;120;0, BOULEVARD MORTIER;;;;750
201100063718;11;7;22;1950;1;2;1;1.0;3.0;120;40, AVENUE DU PROFESSEUR;;;;750
201100063723;11;7;30;105;5;2;1;1.0;4.0;120;232, RUE DES PYRENEES;;;;750
201100063730;11;8;8;1400;1;2;1;2.0;7.0;120;71, RUE DE MENILMONTANT;;;;750
201100063735;11;8;23;1640;1;2;1;1.0;6.0;120;38, RUE DES VIGNOLES;;;;750
201100063738;11;8;25;1925;2;2;2;1.0;3.0;120;116, RUE DE MENILMONTANT;;;;750
201100063755;11;9;19;840;1;2;1;1.0;3.0;120;20, RUE DES FOUGERES;;;;750
201100063757;11;9;20;1330;1;2;7;1.0;6.0;120;0, RUE GEO CHAVEZ;;;;750
201100063761;11;9;23;1310;1;2;1;1.0;3.0;120;14, RUE DU SURMELIN;;;;750
201100063769;11;10;3;1455;1;2;2;1.0;6.0;120;46, BOULEVARD DE CHARONN;;;;750
201100063770;11;10;5;1835;1;2;4;8.0;3.0;120;139, RUE DE BAGNOLET;;;;750
201100063789;11;10;21;1950;5;2;1;1.0;3.0;120;9, RUE EVARISTE GALOIS;;;;750
201100063804;11;10;31;1800;5;2;1;1.0;6.0;120;5, AVENUE GAMBETTA;;;;750
201100063812;11;11;9;1155;1;2;1;1.0;6.0;120;07, RUE CRISTINO GARCIA;;;;750
201100063814;11;11;11;910;1;2;4;1.0;3.0;120;42, RUE DES COURONNES;;;;750
201100063823;11;11;18;1915;5;2;1;1.0;3.0;120;92, RUE DES PYRENEES;;;;750
201100063824;11;11;23;1240;1;2;3;1.0;2.0;119;21, AVENUE DE LA PORTE D;;;;750
201100063846;11;12;10;935;1;2;1;1.0;3.0;120;126, RUE D AVRON;;;;750
201100063855;11;12;16;920;1;2;1;2.0;3.0;120;138, AVENUE GAMBETTA;;;;750
201100063881;11;1;18;927;1;2;5;1.0;3.0;119;BOULEVARD DE LA VILLETTE;;;;750
201100063969;11;3;30;1415;1;2;1;1.0;7.0;115;22, RUE JEAN REY;;;;750
201100063975;11;4;5;1720;1;2;1;1.0;3.0;108;34, AVENUE DE WAGRAM;;;;750
201100063996;11;4;20;1405;1;2;1;1.0;3.0;102;115, RUE REAUMUR;;;;750
201100064007;11;4;29;1955;1;2;2;1.0;3.0;116;RUE RAYNOUARD;;;;750
201100064026;11;5;12;2220;5;2;5;1.0;3.0;108;PLACE DU CANADA;;;;750
201100064040;11;5;21;115;5;2;1;1.0;6.0;114;46, AVENUE REILLE;;;;750
201100064059;11;5;31;1844;1;2;2;1.0;3.0;115;RUE SAINT CHARLES;;;;750
201100064083;11;6;17;1552;1;2;1;1.0;2.0;112;43, RUE DE PICPUS;;;;750
201100064101;11;6;29;1800;1;2;4;1.0;3.0;111;112, AVENUE DE LA REPUBL;;;;750
201100064105;11;7;1;1125;1;2;2;1.0;3.0;113;BOULEVARD VINCENT AURIOL;;;;750
201100064107;11;7;2;1850;1;2;7;1.0;3.0;110;PLACE DE LA REPUBLIQUE;;;;750
201100064115;11;7;4;1602;1;2;5;1.0;3.0;117;14, AVENUE NIEL;;;;750
201100064134;11;7;22;700;1;2;1;1.0;6.0;111;5, BOULEVARD RICHARD LEN;;;;750
201100064159;11;8;25;1054;1;2;2;1.0;3.0;116;ALLEE DE LA REINE MARGUE;;;;750
201100064194;11;9;21;1645;1;2;1;1.0;6.0;106;147, BOULEVARD SAINT GER;;;;750
201100064208;11;9;30;820;1;2;1;1.0;3.0;112;PONT D AUSTERLITZ;;;;750
201100064212;11;10;2;1540;1;2;3;1.0;3.0;115;QUAI ANDRE CITROEN;;;;750
201100064215;11;10;4;1300;1;2;1;1.0;3.0;111;92, BOULEVARD RICHARD LE;;;;750
201100064239;11;10;24;840;1;2;1;1.0;6.0;102;79, RUE DE RICHELIEU;;;;750
201100064257;11;11;6;500;5;2;7;1.0;1.0;113;1, BOULEVARD DE L HOPITA;;;;750
201100064262;11;11;10;1124;1;2;1;1.0;7.0;110;49, BOULEVARD DE LA VILL;;;;750
201100064268;11;11;15;1127;1;2;5;1.0;3.0;115;238, RUE DE LA CONVENTIO;;;;750
201100064271;11;11;17;2350;5;2;2;1.0;5.0;112;12, AVENUE DAUMESNIL;;;;750
201100064272;11;11;18;750;1;2;5;1.0;7.0;116;RUE D ANDIGNE;;;;750
201100064293;11;12;1;1215;1;2;1;1.0;3.0;113;126, RUE DU CHATEAU DES;;;;750
201100064294;11;12;1;1150;1;2;7;1.0;3.0;106;171, RUE DE RENNES;;;;750
201100064295;11;12;1;1500;1;2;4;1.0;3.0;103;RUE DU TEMPLE;;;;750
201100064976;11;12;7;1;5;2;4;2.0;3.0;120;PORTE DE BAGNOLET;;;;750
201100065071;11;5;21;1000;1;2;1;3.0;7.0;7;QUARTIER BAC RN8;A;0.0;0.0;972
201100065074;11;6;5;1730;1;1;9;1.0;1.0;7;;A;0.0;0.0;972
201100065098;11;11;6;645;1;1;1;1.0;1.0;27;;A;0.0;0.0;972
201100065139;11;3;3;1930;3;1;1;1.0;6.0;12;;A;0.0;0.0;972
201100065143;11;6;8;1700;1;1;1;1.0;2.0;22;;A;0.0;0.0;972
201100065171;11;12;28;1830;3;2;1;1.0;3.0;3;rue des palmiers;A;0.0;0.0;972
201100065187;11;4;17;2130;3;1;1;1.0;1.0;21;;A;0.0;0.0;971
201100065216;11;9;5;530;2;1;1;1.0;1.0;14;;A;0.0;0.0;971
201100065223;11;3;9;1700;1;2;1;1.0;1.0;15;CD 1 - Route de Bréfort;A;0.0;0.0;971
201100065224;11;3;15;645;1;2;1;1.0;3.0;15;Section BOISBERT;A;0.0;0.0;971
201100065230;11;8;6;2145;5;1;1;2.0;3.0;15;;A;0.0;0.0;971
201100065241;11;8;13;730;1;1;1;1.0;3.0;18;;A;0.0;0.0;971
201100065258;11;3;19;1045;1;1;1;1.0;6.0;8;;A;0.0;0.0;971
201100065260;11;4;16;930;1;2;1;1.0;3.0;12;Section Morne des p?res;A;0.0;0.0;971
201100065271;11;2;9;1015;1;2;1;1.0;1.0;10;PLAGE A FIFI;A;0.0;0.0;971
201100065274;11;3;4;1530;1;1;1;1.0;6.0;17;;A;0.0;0.0;971
201100065290;11;8;11;1730;1;2;1;1.0;3.0;2;all?e des coreaux;A;0.0;0.0;971
201100065295;11;3;30;1515;1;1;1;1.0;1.0;25;;A;0.0;0.0;971
201100065301;11;9;30;2030;5;1;1;1.0;2.0;25;;A;0.0;0.0;971
201100065316;11;9;25;1515;1;1;1;1.0;2.0;28;;A;0.0;0.0;971
201100065318;11;12;17;1615;1;1;1;1.0;1.0;28;;A;0.0;0.0;971
201100065355;11;3;30;1345;1;2;1;1.0;1.0;11;1800 rte Christophe COLO;G;0.0;0.0;973
201100065385;11;12;28;1315;1;2;1;1.0;6.0;8;71 Chemin ST ALME;R;0.0;0.0;974
201100065387;11;3;2;1700;1;2;1;1.0;1.0;20;Rue Louis Hoarau;R;0.0;0.0;974
201100065394;11;9;24;1500;1;1;1;1.0;1.0;20;;R;0.0;0.0;974
201100065413;11;1;23;1100;1;2;1;1.0;3.0;19;Bois Blanc;R;;;974
201100065431;11;7;15;145;3;1;1;1.0;1.0;15;;R;0.0;0.0;974
201100065449;11;4;19;1730;1;2;1;1.0;5.0;56;RD 101 chemin bras canot;R;0.0;0.0;974
201100065453;11;3;21;1015;1;1;1;1.0;2.0;23;;R;0.0;0.0;974
201100065456;11;2;18;2030;5;2;1;1.0;3.0;14;rue des Ecoliers;R;0.0;0.0;974
201100065466;11;6;5;1000;1;2;2;1.0;1.0;14;route de cilaos;R;0.0;0.0;974
201100065471;11;8;17;1745;2;2;1;1.0;1.0;14;Rue professeur henri lap;R;0.0;0.0;974
201100065486;11;9;10;1830;2;2;1;1.0;6.0;22;186 rue du docteur Ignac;R;0.0;0.0;974
201100065504;11;11;6;1045;1;2;1;1.0;1.0;12;CD32-rue de la chapelle;R;0.0;0.0;974
201100065529;11;4;18;1415;1;1;1;1.0;1.0;3;;A;0.0;0.0;971
201100065539;11;9;6;1300;1;1;1;1.0;1.0;3;;A;0.0;0.0;971
201100065546;11;1;6;1745;1;1;1;1.0;3.0;9;;G;0.0;0.0;973
201100065583;11;1;11;1830;5;2;1;1.0;3.0;4;avenue Victor Hugo;G;0.0;0.0;973
201100065588;11;4;18;2200;3;2;1;1.0;1.0;4;rue Ernest Prudent;G;0.0;0.0;973
201100065606;11;4;2;1;3;2;1;2.0;1.0;7;1 rue des caraibes;G;0.0;0.0;973
201100065612;11;6;19;1145;1;1;1;1.0;3.0;7;;G;0.0;0.0;973
201100065614;11;7;24;700;1;1;6;1.0;3.0;7;;G;0.0;0.0;973
201100065629;11;6;28;1630;1;1;1;1.0;1.0;56;;R;0.0;0.0;974
201100065631;11;1;26;1445;1;2;1;1.0;1.0;4;chemin charbonnier;R;0.0;0.0;974
201100065638;11;11;19;815;1;1;4;7.0;3.0;4;;R;0.0;0.0;974
201100065660;11;1;2;1340;1;1;1;1.0;6.0;13;RN, BAS DU FORT;;;;971
201100065669;11;1;22;620;2;1;1;9.0;6.0;13;RN, PONT DE POUCET;;;;971
201100065670;11;1;20;1915;5;2;9;2.0;3.0;1;RD, LACROIX;;;;971
201100065675;11;1;26;1720;1;2;1;1.0;2.0;13;00, GENERAL DE GAULLE (A;;;;971
201100065681;11;2;2;1915;4;2;1;1.0;2.0;1;RN, POINTE D'OR;;;;971
201100065703;11;3;21;820;1;2;3;1.0;2.0;1;RN, RN05;;;;971
201100065740;11;5;8;1030;1;1;1;1.0;5.0;13;1304, Chemin de la BOUAY;;;;971
201100065777;11;7;13;1845;5;2;1;1.0;2.0;13;865, SECTEUR GRAND BOIS;;;;971
201100065842;11;1;2;1620;1;2;1;1.0;6.0;9;17, ADHEMAR MODOCK (BOUL;;;;972
201100065906;11;6;16;2255;5;2;1;1.0;6.0;9;37, VICTOR LAMON (AVENUE;;;;972
201100066027;11;12;28;1825;5;2;2;1.0;1.0;9;6Comm, FOND D'OR (RUE DU;;;;972
201100066054;11;2;13;1600;1;2;1;1.0;6.0;13;ROUTE DEPARTEMENTALE 3;;;;972
201100066071;11;4;3;945;1;1;1;1.0;2.0;13;ROUTE DEPARTEMENTALE 14;;;;972
201100066094;11;5;18;1510;1;1;1;1.0;3.0;13;AUTOROUTE A1;;;;972
201100066113;11;7;6;735;1;2;1;1.0;2.0;13;ROUTE DEPARTEMENTALE 3 B;;;;972
201100066119;11;7;26;1825;5;1;1;1.0;6.0;13;ACAJOU PROLONGEE;;;;972
201100066120;11;7;29;1513;1;1;1;1.0;3.0;13;AUTOROUTE A1;;;;972
201100066170;11;12;14;630;2;1;1;1.0;2.0;13;ZONE DE FRET;;;;972
201100066176;11;12;30;2050;4;2;2;1.0;1.0;2;3181, BOUDINOT (AUGUSTE);;;;973
201100066181;11;1;20;1504;1;1;3;1.0;5.0;2;1098, RABAN (ROUTE DE);;;;973
201100066184;11;2;6;2200;5;2;1;1.0;3.0;2;LAFAURIE (CITE);;;;973
201100066185;11;2;12;1918;5;2;1;1.0;1.0;2;MADELEINE (ROUTE DE LA);;;;973
201100066188;11;2;22;1423;1;1;1;2.0;3.0;2;TIGRE (ROUTE DU);;;;973
201100066199;11;2;20;1330;1;2;6;1.0;3.0;2;GALMOT (ROND-POINT);;;;973
201100066202;11;3;17;1410;1;1;1;1.0;3.0;2;03, FLAMBOYANTS (RUE DES;;;;973
201100066205;11;3;28;820;1;1;1;1.0;3.0;2;1700, MONTABO (ROUTE DE);;;;973
201100066218;11;4;27;2220;5;2;1;1.0;5.0;2;TROUBIRAN (CHEMIN DE);;;;973
201100066250;11;6;12;1142;1;2;2;1.0;5.0;2;16, CONSTANT CHLORE(RUE);;;;973
201100066259;11;6;26;2210;5;2;2;1.0;1.0;2;203, FLAMBOYANTS (RUE DE;;;;973
201100066269;11;7;16;1940;5;2;1;1.0;3.0;2;1035, BADUEL (ROUTE DE);;;;973
201100066274;11;7;29;1910;5;2;1;1.0;3.0;2;18, BADUEL (ROUTE DE);;;;973
201100066281;11;8;10;1629;1;2;1;1.0;2.0;2;537, BADUEL (ROUTE DE);;;;973
201100066283;11;8;13;1150;1;2;3;1.0;3.0;2;2, BARRAT (DU DOCTEUR);;;;973
201100066299;11;9;24;2020;5;1;1;1.0;2.0;2;2273, MONTABO (ROUTE DE);;;;973
201100066311;11;10;15;1445;1;2;1;1.0;3.0;2;16, TIGRE (ROUTE DU);;;;973
201100066327;11;11;6;1320;1;2;3;1.0;3.0;2;1282, RABAN (ROUTE DE);;;;973
201100066328;11;11;8;710;1;1;1;1.0;3.0;2;TIGRE (ROUTE DU);;;;973
201100066335;11;11;26;1455;1;2;1;1.0;3.0;2;, CABASSOU (ROUTE DE);;;;973
201100066336;11;11;27;1020;1;2;1;1.0;3.0;2;1357, MADELEINE (ROUTE D;;;;973
201100066339;11;11;29;1125;1;2;1;1.0;2.0;2;2168, MADELEINE (ROUTE D;;;;973
201100066347;11;12;12;2030;5;2;1;1.0;3.0;2;21, CALIMBE(LOTISSEMENT);;;;973
201100066349;11;12;13;805;1;1;3;2.0;3.0;2;2186, HILAIRE(CHEMIN);;;;973
201100066353;11;12;14;1945;5;1;2;1.0;3.0;2;MONTABO (ROUTE DE) 1;;;;973
201100066357;11;12;22;2045;5;2;1;;5.0;2;4JACARANDAS (CITE);;;;973
201100066366;11;1;7;1808;1;2;2;1.0;3.0;7;LONDRES(RUE);;;;974
201100066372;11;2;7;1615;1;2;7;1.0;2.0;7;CHENIER ANDRE(PLACE);;;;974
201100066380;11;3;2;1900;2;1;1;1.0;6.0;7;OWENS JAMES;;;;974
201100066393;11;3;30;810;1;1;6;1.0;2.0;7;ROND POINT SACRE COEUR;;;;974
201100066396;11;4;9;940;1;2;1;1.0;3.0;7;20 DECEMBRE 1948(AVENUE;;;;974
201100066399;11;4;12;945;1;2;1;1.0;5.0;7;14 JUILLET 1789(AVENUE D;;;;974
201100066401;11;4;22;1700;1;1;1;1.0;6.0;7;ROUTE DU SACRE COEUR;;;;974
201100066403;11;5;2;1050;1;2;1;1.0;2.0;7;DE GAULLE(RUE);;;;974
201100066413;11;6;21;1739;1;2;1;1.0;3.0;7;VOIE DE LIAISON PORTUAIR;;;;974
201100066416;11;7;5;1700;1;1;1;1.0;3.0;7;MASCAREIGNES(BOULEVARD);;;;974
201100066419;11;7;23;940;1;2;6;1.0;3.0;7;ROND POINT ROSE DES VENT;;;;974
201100066423;11;8;3;2315;5;2;2;1.0;6.0;7;PARIS (AVENUE);;;;974
201100066426;11;8;16;1120;1;2;6;1.0;3.0;7;AXE MIXTE DE CAMBAIE;;;;974
201100066427;11;8;16;1825;2;2;2;1.0;3.0;7;DESMOULINS(RUE);;;;974
201100066428;11;8;17;1320;1;2;1;1.0;3.0;7;RUE JACQUES PREVERT;;;;974
201100066432;11;8;23;1710;1;2;1;1.0;3.0;7;STRASBOURG(BOULEVARD);;;;974
201100066451;11;11;7;1430;1;2;1;1.0;6.0;7;LAUDE E(RUE);;;;974
201100066454;11;11;12;2023;3;2;2;1.0;3.0;7;Emmaeus d'EXPORT;;;;974
201100066467;11;1;3;1345;1;2;1;1.0;1.0;9;inconnu, LOT LES FEUILLA;;;;974
201100066468;11;1;22;1925;3;2;1;1.0;6.0;9;Lefaguyes (chemin);;;;974
201100066478;11;2;20;1940;5;2;1;1.0;2.0;9;896, ILE DE FRANCE(AVENU;;;;974
201100066485;11;3;10;710;1;2;1;1.0;7.0;9;Ravine creuse (chemin);;;;974
201100066492;11;4;16;1815;2;2;1;1.0;3.0;9;inconnu, DU CENTRE(CHEMI;;;;974
201100066494;11;4;20;710;1;2;1;1.0;1.0;9;18, 3? SECT STA;;;;974
201100066495;11;4;20;1440;1;1;1;1.0;3.0;9;inconnu, RN2 SENS STE SU;;;;974
201100066502;11;6;4;900;1;2;1;1.0;3.0;9;Ignor?, CHEMIN CENT GAUL;;;;974
201100066507;11;6;21;1220;1;1;1;1.0;3.0;9;20, Grand Canal (chemin);;;;974
201100066508;11;6;27;1220;1;2;1;1.0;3.0;9;Ignor?e, BALANCE (Chemin;;;;974
201100066510;11;7;3;1010;1;1;1;1.0;1.0;9;ignor?, DIORE(CHEMIN);;;;974
201100066512;11;7;17;2000;5;2;1;2.0;7.0;9;Ignor?e, ROCADE SUD(RUE);;;;974
201100066515;11;7;27;1840;5;2;6;1.0;3.0;9;Ignor?, DE LA GARE(RUE);;;;974
201100066516;11;9;1;1830;2;2;3;1.0;3.0;9;Ignor?, Rio (chemin);;;;974
201100066522;11;10;5;620;2;2;3;1.0;3.0;9;Ignor?, CAMBUSTON (rue d;;;;974
201100066530;11;10;27;1015;1;2;1;1.0;1.0;9;Ignor?, BELZOR(RUE);;;;974
201100066532;11;11;5;820;1;2;3;1.0;3.0;9;Ignor?, Grand Canal ( ch;;;;974
201100066549;11;12;12;1100;1;2;1;1.0;1.0;9;Ignor?, CRESSONNIERE (ru;;;;974
201100066552;11;12;19;2045;3;1;1;3.0;7.0;9;760, Lefaguyes (chemin);;;;974
201100066581;11;3;6;37;5;2;1;1.0;1.0;11;LABOURDONNAIS (RUE DE);;;;974
201100066607;11;4;19;1910;5;1;1;1.0;1.0;11;1140 SAPENTS (ALLEE DES);;;;974
201100066620;11;5;13;1915;5;2;1;1.0;5.0;11;., PLESSIS (RUE DU);;;;974
201100066634;11;6;5;1955;5;2;1;1.0;3.0;11;OLYMPIADES (RUE DES);;;;974
201100066636;11;6;11;1844;3;2;2;1.0;3.0;11;CANAL (CHEMIN DU GRAND);;;;974
201100066649;11;7;18;1816;3;2;3;1.0;1.0;11;MACE (BOULEVARD GABRIEL);;;;974
201100066654;11;7;22;2100;5;2;1;1.0;;11;JAURES (BLD 2 JEAN);;;;974
201100066655;11;7;22;1915;5;1;1;1.0;3.0;11;PONT (RUE DU);;;;974
201100066661;11;7;27;1640;2;2;1;1.0;6.0;11;KARTING (DU);;;;974
201100066686;11;9;17;1631;1;2;1;1.0;1.0;11;COCOTIERS (ALLEE DES);;;;974
201100066702;11;10;26;1700;1;1;4;1.0;1.0;11;TERRE ROUGE (CHEMIN DE);;;;974
201100066703;11;10;28;1045;1;2;1;1.0;3.0;11;RN2/111;;;;974
201100066707;11;11;1;1345;1;2;6;1.0;1.0;11;NOTRE DAME DE LA TRINITE;;;;974
201100066710;11;11;4;1545;1;2;6;1.0;6.0;11;CAMELIAS (RUE DES);;;;974
201100066716;11;12;6;1715;2;1;1;1.0;7.0;11;71, DOMENJOD (ROUTE DE);;;;974
201100066722;11;12;11;50;3;2;1;1.0;3.0;11;JAURES (BOULEVARD JEAN);;;;974
201100066723;11;12;11;1705;2;2;1;1.0;6.0;11;LECONTE DE LISLE (AVENUE;;;;974
201100066758;11;1;31;1015;1;2;1;1.0;7.0;16;, HUBERT DE LISLE(BOULEV;;;;974
201100066764;11;2;9;1335;1;2;1;1.0;3.0;16;sans, AMIRAL LACAZE(RUE);;;;974
201100066770;11;2;17;850;1;1;1;1.0;7.0;16;SANS, LIGNE PARADIS(ROUT;;;;974
201100066775;11;2;23;1030;1;1;2;1.0;3.0;16;SANS, BOEUF(CHEMIN);;;;974
201100066790;11;3;12;1605;1;1;1;1.0;1.0;16;63, CONCESSION CONDE(CHE;;;;974
201100066799;11;3;23;1600;1;1;1;1.0;1.0;16;299, SAINT SAUVEUR(CHEMI;;;;974
201100066803;11;3;26;1100;1;2;1;1.0;3.0;16;32, PERE MAITRE(RUE DU);;;;974
201100066809;11;4;12;1850;3;1;1;1.0;3.0;16;SANS, TANAMBO(RUE);;;;974
201100066819;11;4;30;1630;1;2;1;1.0;7.0;16;SANS, HUBERT DE LISLE(BO;;;;974
201100066857;11;6;30;1400;1;1;1;1.0;2.0;16;sans, DES OLIVINES(RUE);;;;974
201100066876;11;7;28;520;3;2;1;1.0;2.0;16;SANS, ANCIENNE RN 1;;;;974
201100066881;11;8;5;1110;1;2;1;1.0;7.0;16;157, BOIS NOIRS(ALLEE DE;;;;974
201100066891;11;8;20;1800;5;2;1;1.0;7.0;16;SANS, SUFFREN(RUE);;;;974
201100066900;11;9;10;1550;1;2;1;1.0;3.0;16;SANS, PRESIDENT MITTERAN;;;;974
201100066912;11;9;28;1425;1;1;1;1.0;3.0;16;SANS, ENTRE DEUX(route d;;;;974
201100066919;11;9;30;1825;1;2;1;1.0;2.0;16;SANS, BARQUISSEAU(RUE DE;;;;974
201100066929;11;10;15;1415;1;2;1;1.0;6.0;16;8, BUREL(chemin);;;;974
201100066930;11;10;16;1850;1;2;3;1.0;3.0;16;SANS, PAVE(RUE);;;;974
201100066931;11;10;17;1600;1;2;2;1.0;3.0;16;SANS, CHARITE (RUE DE LA;;;;974
201100066935;11;10;23;1155;1;2;1;1.0;7.0;16;sans, PRESIDENT MITTERAN;;;;974
201100066957;11;11;26;1640;1;2;1;1.0;2.0;16;SANS, HUBERT DE LISLE(BO;;;;974
201100066967;11;12;10;910;1;2;1;1.0;3.0;16;107, AUGUSTIN ARCHAMBAUD;;;;974